,Headlines,Neural Network prediction,Emperical Weight prediction,Predicted trend,Actual trend
0,government has far transferred lakh through direct benefit transfer another instalment kisan will transferred tomorrow says prime minister narendramodi,bullish,bullish,bullish,bearish
1,prime minister narendra modi launches digital banking units across indiaâ€¯,bullish,neutral,can not predict,bearish
2,irdai increases penalty max life insurance max lifeaxis deal irdai imposes penalty axis â–ªï¸ penalty â‚¹3 max life â–ªï¸penalty â‚¹2 axis bank total penalty remitted max life axis within days,bearish,bearish,bearish,bullish
3,gtpl hathway reports earnings consolidated â–¶ï¸net profit yoy â–¶ï¸revenue yoy â–¶ï¸ebitda down yoy â–¶ï¸margin yoy,bearish,bullish,can not predict,bearish
4,butterfly gandhimathi appliances reports earnings â–¶ï¸net profit down yoy â–¶ï¸revenue down yoy â–¶ï¸ebitda down yoy â–¶ï¸margin yoy,bearish,bullish,can not predict,bearish
5,kesoram industries reports earnings â–¶ï¸net loss loss yoy â–¶ï¸revenue yoy,bearish,bearish,bearish,bearish
6,avenue supermarts reports earnings â–¶ï¸net profit yoy â–¶ï¸revenue yoy â–¶ï¸ebitda yoy â–¶ï¸margin yoy,bearish,bullish,can not predict,bearish
7,ahluwalia contracts india secures order worth crore from assam government for additional construction work new medical college hospital,bearish,bullish,can not predict,bearish
8,ganesh housing corporation reports earnings consolidated â–¶ï¸net profit yoy â–¶ï¸revenue yoy â–¶ï¸ebitda yoy â–¶ï¸margin yoy,bearish,bullish,can not predict,bullish
9,tvs motors updated that acquisition stake transaction has been completed drivex has become associate the wef oct15,bullish,neutral,can not predict,bullish
10,jsw steel smartex sign mou explore lowemission steel production,bullish,neutral,can not predict,bearish
11,concor focus from business standard dipam calls for preexpression interest roadshow prospective bidders this week for concor provatisation,bullish,bullish,bullish,bullish
12,sunteck realty update â–¶ï¸presales yoy â‚¹337 â‚¹272 yoy â–¶ï¸collections â‚¹331 â‚¹207 yoy,bullish,neutral,can not predict,bearish
13,will pay irdai penalty but believe did nothing wrong max life says alert irdai imposed penalty â‚¹3 max life â‚¹2 axis bank,bullish,bearish,can not predict,bullish
14,thangamayil jewellery reports earnings â–¶ï¸net profit down yoy â–¶ï¸revenue yoy â–¶ï¸ebitda down yoy â–¶ï¸margin yoy,bearish,bullish,can not predict,bearish
15,max fin focus irdai penalty the end regulatory action axis max life sources,bullish,bearish,can not predict,bullish
16,oriental hotels â–¶ï¸net profit loss yoy â–¶ï¸revenue yoy â–¶ï¸ebitda yoy â–¶ï¸margin yoy,bearish,bullish,can not predict,bearish
17,bank maharashtra reports earnings â–¶ï¸ net profit â‚¹535 â‚¹2637 yoy â–¶ï¸ nii â‚¹1887 â‚¹1500 yoy â–¶ï¸ gross npa qoq â–¶ï¸ net npa qoq,bearish,bearish,bearish,bullish
18,thangamayil jewellery reports earnings â–¶ï¸net profit down yoy â–¶ï¸revenue yoy â–¶ï¸ebitda down yoy â–¶ï¸margin yoy,bearish,bullish,can not predict,bearish
19,irb invit fund reports earnings â–¶ï¸net profit down yoy â–¶ï¸revenue yoy â–¶ï¸ebitda down yoy â–¶ï¸margin yoy,bearish,bullish,can not predict,bearish
20,pvr sees wider than expected loss â‚¹71 revenue rises,bullish,bearish,can not predict,bullish
21,indian omcs incur losses stagnant fuel prices moodyâ€™s,bullish,bearish,can not predict,bullish
22,gujarat govt cuts vat cng png price,bullish,bearish,can not predict,bullish
23,satluj jal vidyut nigam sjvn arm sjvn green energy signs pact for floating solar projects assam â–¶ï¸to invest solar projects,bullish,bullish,bullish,bullish
24,tata coffee reports earnings consolidated â–¶ï¸net profit yoy â–¶ï¸revenue yoy â–¶ï¸ebitda down yoy â–¶ï¸ebitda margin yoy,bearish,bullish,can not predict,bullish
25,maharashtra seamless reports earnings â–¶ï¸net profit yoy â–¶ï¸revenue yoy â–¶ï¸ebitda yoy â–¶ï¸margin yoy,bearish,bullish,can not predict,bullish
26,sources say ofi global fund sell shares zee ent via block deal there will lockin period days ofi post this stake sale,bullish,bearish,can not predict,bullish
27,rpg life sciences reports earnings â–¶ï¸net profit yoy â–¶ï¸revenue yoy â–¶ï¸ebitda yoy â–¶ï¸margin yoy,bearish,bullish,can not predict,bearish
28,zeeent book launched ofi global fund sell stake via block deal,bullish,bearish,can not predict,bullish
29,can fin homes 2qwithcnbctv18 â–¶ï¸net profit cnbctv18 poll â–¶ï¸nii cnbctv18 poll â–¶ï¸net profit yoy â–¶ï¸nii yoy,bullish,bullish,bullish,bullish
30,adani transmission saw jump the number electricity units sold during the quarter ended september demand from the commercial segment continued rise,bearish,bearish,bearish,bullish
31,adani transmission saw jump the number electricity units sold during the quarter ended september demand from the commercial segment continued rise,bearish,bearish,bearish,bullish
32,adani transmission saw jump the number electricity units sold during the quarter ended september demand from the commercial segment continued rise,bearish,bearish,bearish,bullish
33,adani transmission saw jump the number electricity units sold during the quarter ended september demand from the commercial segment continued rise,bearish,bearish,bearish,bullish
34,during the quarter adani transmission sold units yoy driven primarily rise demand from the commercial and industrial segments which rose and respectively,bullish,bullish,bullish,bullish
35,during the quarter adani transmission sold units yoy driven primarily rise demand from the commercial and industrial segments which rose and respectively,bullish,bullish,bullish,bullish
36,during the quarter adani transmission sold units yoy driven primarily rise demand from the commercial and industrial segments which rose and respectively,bullish,bullish,bullish,bullish
37,during the quarter adani transmission sold units yoy driven primarily rise demand from the commercial and industrial segments which rose and respectively,bullish,bullish,bullish,bullish
38,concor julyseptember total cargo volumes yoy teus â–¶ï¸ for the same quarter the throughput export and import trade was teus yoy â–¶ï¸domestic volumes rose yoy teus,bearish,neutral,can not predict,bullish
39,block deal alert invesco sell stake zee ent for,bullish,bearish,can not predict,bullish
40,tata metaliks reports earnings â–¶ï¸net profit down yoy â–¶ï¸revenue yoy â–¶ï¸ebitda down yoy â–¶ï¸margin yoy,bearish,bullish,can not predict,bullish
41,tata metaliks reports earnings â–¶ï¸net profit down yoy â–¶ï¸revenue yoy â–¶ï¸ebitda down yoy â–¶ï¸margin yoy,bearish,bullish,can not predict,bullish
42,tata metaliks reports earnings â–¶ï¸net profit down yoy â–¶ï¸revenue yoy â–¶ï¸ebitda down yoy â–¶ï¸margin yoy,bearish,bullish,can not predict,bullish
43,tata metaliks reports earnings â–¶ï¸net profit down yoy â–¶ï¸revenue yoy â–¶ï¸ebitda down yoy â–¶ï¸margin yoy,bearish,bullish,can not predict,bullish
44,tata metaliks reports earnings â–¶ï¸net profit down yoy â–¶ï¸revenue yoy â–¶ï¸ebitda down yoy â–¶ï¸margin yoy,bearish,bullish,can not predict,bullish
45,tata metaliks reports earnings â–¶ï¸net profit down yoy â–¶ï¸revenue yoy â–¶ï¸ebitda down yoy â–¶ï¸margin yoy,bearish,bullish,can not predict,bullish
46,tata metaliks reports earnings â–¶ï¸net profit down yoy â–¶ï¸revenue yoy â–¶ï¸ebitda down yoy â–¶ï¸margin yoy,bearish,bullish,can not predict,bullish
47,tata metaliks reports earnings â–¶ï¸net profit down yoy â–¶ï¸revenue yoy â–¶ï¸ebitda down yoy â–¶ï¸margin yoy,bearish,bullish,can not predict,bullish
48,tata metaliks reports earnings â–¶ï¸net profit down yoy â–¶ï¸revenue yoy â–¶ï¸ebitda down yoy â–¶ï¸margin yoy,bearish,bullish,can not predict,bullish
49,tata metaliks reports earnings â–¶ï¸net profit down yoy â–¶ï¸revenue yoy â–¶ï¸ebitda down yoy â–¶ï¸margin yoy,bearish,bullish,can not predict,bullish
50,tata metaliks reports earnings â–¶ï¸net profit down yoy â–¶ï¸revenue yoy â–¶ï¸ebitda down yoy â–¶ï¸margin yoy,bearish,bullish,can not predict,bullish
51,tata metaliks reports earnings â–¶ï¸net profit down yoy â–¶ï¸revenue yoy â–¶ï¸ebitda down yoy â–¶ï¸margin yoy,bearish,bullish,can not predict,bullish
52,suzlon secures order for the development wind power project for adani green energy,bullish,bullish,bullish,bearish
53,ashiana housing acquires acres land from mahindra life chennai,bullish,neutral,can not predict,bearish
54,fin india post payments bank partner boost credit access customers,bullish,bullish,bullish,bearish
55,info says nclt approves infotech and mindtree merger,bullish,bullish,bullish,bullish
56,ambuja cements approves allotment crore warrants â‚¹41887 each harmonia trade investment,bullish,bullish,bullish,bullish
57,ministry agriculture recommends increase msp six rabi crops including wheat pulses proposes msp increase six rabi crops after msp committee recos,bullish,bullish,bullish,bullish
58,former indian cricketer roger binny appointed bcci president,bearish,neutral,can not predict,bearish
59,government examining proposal increase palm oil import tax,bullish,bullish,bullish,bearish
60,gujarat fluoro reports earnings â–¶ï¸net profit yoy â–¶ï¸revenue yoy â–¶ï¸ebitda yoy â–¶ï¸margin yoy,bearish,bullish,can not predict,bearish
61,praj industries reports earnings â–¶ï¸net profit yoy â–¶ï¸revenue yoy â–¶ï¸ebitda yoy â–¶ï¸margin yoy,bearish,bullish,can not predict,bearish
62,tata communications reports earnings â–¶ï¸ net profit down â‚¹5322 â‚¹5438 qoq â–¶ï¸ revenue â‚¹44307 â‚¹43105 qoq â–¶ï¸ ebitda â‚¹1129 â‚¹1077 qoq â–¶ï¸ margin qoq,bearish,bullish,can not predict,bearish
63,tata communications reports earnings â–¶ï¸ net profit down â‚¹5322 â‚¹5438 qoq â–¶ï¸ revenue â‚¹44307 â‚¹43105 qoq â–¶ï¸ ebitda â‚¹1129 â‚¹1077 qoq â–¶ï¸ margin qoq,bearish,bullish,can not predict,bearish
64,tata communications reports earnings â–¶ï¸ net profit down â‚¹5322 â‚¹5438 qoq â–¶ï¸ revenue â‚¹44307 â‚¹43105 qoq â–¶ï¸ ebitda â‚¹1129 â‚¹1077 qoq â–¶ï¸ margin qoq,bearish,bullish,can not predict,bearish
65,tata communications reports earnings â–¶ï¸ net profit down â‚¹5322 â‚¹5438 qoq â–¶ï¸ revenue â‚¹44307 â‚¹43105 qoq â–¶ï¸ ebitda â‚¹1129 â‚¹1077 qoq â–¶ï¸ margin qoq,bearish,bullish,can not predict,bearish
66,tata communications reports earnings â–¶ï¸ net profit down â‚¹5322 â‚¹5438 qoq â–¶ï¸ revenue â‚¹44307 â‚¹43105 qoq â–¶ï¸ ebitda â‚¹1129 â‚¹1077 qoq â–¶ï¸ margin qoq,bearish,bullish,can not predict,bearish
67,tata communications reports earnings â–¶ï¸ net profit down â‚¹5322 â‚¹5438 qoq â–¶ï¸ revenue â‚¹44307 â‚¹43105 qoq â–¶ï¸ ebitda â‚¹1129 â‚¹1077 qoq â–¶ï¸ margin qoq,bearish,bullish,can not predict,bearish
68,tata communications reports earnings â–¶ï¸ net profit down â‚¹5322 â‚¹5438 qoq â–¶ï¸ revenue â‚¹44307 â‚¹43105 qoq â–¶ï¸ ebitda â‚¹1129 â‚¹1077 qoq â–¶ï¸ margin qoq,bearish,bullish,can not predict,bearish
69,tata communications reports earnings â–¶ï¸ net profit down â‚¹5322 â‚¹5438 qoq â–¶ï¸ revenue â‚¹44307 â‚¹43105 qoq â–¶ï¸ ebitda â‚¹1129 â‚¹1077 qoq â–¶ï¸ margin qoq,bearish,bullish,can not predict,bearish
70,tata communications reports earnings â–¶ï¸ net profit down â‚¹5322 â‚¹5438 qoq â–¶ï¸ revenue â‚¹44307 â‚¹43105 qoq â–¶ï¸ ebitda â‚¹1129 â‚¹1077 qoq â–¶ï¸ margin qoq,bearish,bullish,can not predict,bearish
71,tata communications reports earnings â–¶ï¸ net profit down â‚¹5322 â‚¹5438 qoq â–¶ï¸ revenue â‚¹44307 â‚¹43105 qoq â–¶ï¸ ebitda â‚¹1129 â‚¹1077 qoq â–¶ï¸ margin qoq,bearish,bullish,can not predict,bearish
72,tata communications reports earnings â–¶ï¸ net profit down â‚¹5322 â‚¹5438 qoq â–¶ï¸ revenue â‚¹44307 â‚¹43105 qoq â–¶ï¸ ebitda â‚¹1129 â‚¹1077 qoq â–¶ï¸ margin qoq,bearish,bullish,can not predict,bearish
73,tata communications reports earnings â–¶ï¸ net profit down â‚¹5322 â‚¹5438 qoq â–¶ï¸ revenue â‚¹44307 â‚¹43105 qoq â–¶ï¸ ebitda â‚¹1129 â‚¹1077 qoq â–¶ï¸ margin qoq,bearish,bullish,can not predict,bearish
74,sonata software reports earnings â–¶ï¸net profit â‚¹1127 â‚¹1078 qoq â–¶ï¸revenue down â‚¹1496 â‚¹1778 qoq â–¶ï¸ebitda â‚¹1546 â‚¹1417 qoq â–¶ï¸ebitda margin qoq,bearish,bullish,can not predict,bullish
75,gail declared successful resolution applicant the corporate insolvency resolution process cirp jbf petrochemicals,bullish,bullish,bullish,bearish
76,marketatclose ntpc hdfc tech mahindra bajaj auto top nifty losers strong session samvardhana motherson falls over sojitz corp sells stake,bullish,bullish,bullish,bullish
77,jsw ispat special products â–¶ï¸cons net loss loss yoy â–¶ï¸cons operating revenue yoy â–¶ï¸cons ebitda loss ebitda yoy,bearish,bearish,bearish,bearish
78,icici lombard reports earnings â–¶ï¸gross premium â‚¹5303 â‚¹4508 yoy â–¶ï¸net earned premium â‚¹3837 â‚¹3250 yoy â–¶ï¸underwriting loss â‚¹152 â‚¹100 yoy â–¶ï¸operating profit â‚¹510 â‚¹457 yoy,bullish,bullish,bullish,bearish
79,icici lombard reports earnings â–¶ï¸ profit â‚¹591 â‚¹447 yoy â–¶ï¸ solvency ratio yoy â–¶ï¸ investment income â‚¹635 â‚¹552 yoy,bullish,bullish,bullish,bearish
80,navratna defence psu bharat electronics ltd bel has signed mou with munitions india limited mil defence psu address the requirements ammunition explosives and related systems,bullish,bearish,can not predict,bullish
81,adani defence aerospace acquire air works for enterprise value crore air works the oldest mro india with presence across cities maintenance bays and maintenance experts,bullish,bullish,bullish,bullish
82,hfcl reports earnings â–¶ï¸net profit yoy â–¶ï¸revenue yoy â–¶ï¸ebitda down yoy â–¶ï¸margin yoy,bearish,bullish,can not predict,bearish
83,kpi green energy reports earnings consolidated â–¶ï¸net profit yoy â–¶ï¸revenue yoy â–¶ï¸ebitda yoy â–¶ï¸margin yoy,bearish,bullish,can not predict,bearish
84,mahindra cie automotive reports earnings consolidated â–¶ï¸net profit yoy â–¶ï¸revenue yoy â–¶ï¸ebitda yoy â–¶ï¸margin yoy,bearish,bullish,can not predict,bullish
85,apollo tyres focus jpmorgan initiates coverage with rating â‚¹370sh,bullish,neutral,can not predict,bearish
86,hal bharat dynamics bel amongst biggest beneficiaries defence indigenisation delay order inflow for defence sector key risk says harshit kapadia elara capital,bullish,bullish,bullish,bullish
87,hinduja global large trade lakh shares equity worth â‚¹694 change hands â‚¹1224sh,bullish,bullish,bullish,bearish
88,piramal pharma lists 200sh nse,bearish,neutral,can not predict,bullish
89,more than mous will signed this defence expo contribution merchant navy has increased this phase globalisation says prime minister narendramodi defenceexpo2022 address gujarat,bullish,bullish,bullish,bullish
90,max finance focus irdai unlikely approve current valuation methodology for 2nd leg transaction for axis bankmax life deal,bullish,neutral,can not predict,bearish
91,kpit tech reports earnings â–¶ï¸net profit down â‚¹834 â‚¹854 qoq â–¶ï¸revenue â‚¹7448 â‚¹6857 qoq â–¶ï¸ebitda â‚¹1379 â‚¹1331 qoq â–¶ï¸ebitda margin qoq,bearish,bullish,can not predict,bullish
92,indiafirst life insurance may file ipo drhp with sebiindia nov likely raise â‚¹2000 via ipo indiafirst life ins ipo may lead dilution equity cnbctv18 alert indiafirst life insurance backed bob union warburg pincus,bullish,bullish,bullish,bullish
93,rane brakes reports earnings â–¶ï¸net profit â‚¹65 â‚¹54 yoy â–¶ï¸revenue â‚¹1411 yoy â–¶ï¸ebitda â‚¹102 â‚¹104 yoy â–¶ï¸ebitda margin yoy,bearish,bullish,can not predict,bullish
94,corp reports earnings â–¶ï¸ net profit down â‚¹487 â‚¹537 yoy â–¶ï¸ revenue â‚¹5383 â‚¹4467 yoy â–¶ï¸ ebitda down â‚¹90 â‚¹1008 yoy â–¶ï¸ ebitda margin yoy,bearish,bullish,can not predict,bullish
95,dipam organising roadshow from october with potential investors part disinvestment process concor says,bullish,neutral,can not predict,bearish
96,syngene reports earnings â–¶ï¸net profit yoy â–¶ï¸revenue yoy â–¶ï¸ebitda yoy â–¶ï¸margin yoy,bearish,bullish,can not predict,bearish
97,ultratech cement reports earnings â–¶ï¸net debt increased from june â–¶ï¸net debt increased primarily due rise working capital growth capex,bullish,bullish,bullish,bearish
98,hdfc amc reports earnings â–¶ï¸net profit yoy â–¶ï¸revenue yoy,bullish,bullish,bullish,bearish
99,accelya solutions reports earnings â–¶ï¸net profit yoy â–¶ï¸revenue yoy â–¶ï¸ebitda yoy â–¶ï¸margin yoy,bearish,bullish,can not predict,bullish
100,hitachi energy gets contract from ntpc renewable energy supply power transformers â–¶ï¸to supply power transformers ntpcâ€™s renewable energy park gujarat,bullish,bullish,bullish,bullish
101,vedanta arm balco declared the successful bidder for barra coal block,bullish,bullish,bullish,bullish
102,oil gas psu likely have made dollar purchases close bond market sources,bullish,neutral,can not predict,bullish
103,govt appoints nagendra nath sinha steel secretary,bullish,neutral,can not predict,bullish
104,bel signs mou with triton electric vehicle tev for manufacture hydrogen fuel cells bel with technology transfer from tev,bullish,neutral,can not predict,bullish
105,maharashtra scooters reports earnings â–¶ï¸profit yoy â–¶ï¸revenue yoy â–¶ï¸ebidta yoy â–¶ï¸margin yoy,bearish,neutral,can not predict,bullish
106,energy reports earnings â–¶ï¸net profit yoy â–¶ï¸revenue yoy â–¶ï¸ebitda yoy â–¶ï¸margin yoy,bearish,bullish,can not predict,bullish
107,inox leisure reports earnings â–¶ï¸ loss yoy â–¶ï¸ revenue yoy â–¶ï¸ ebidta yoy â–¶ï¸ margin yoy,bearish,bearish,bearish,bearish
108,nlc india signs ppa with kerala state electricity board limited,bullish,bearish,can not predict,bullish
109,rishad premji says wipro fired senior employee minutes for huge integrity violation,bullish,bearish,can not predict,bullish
110,vascon engineers signs its 1st redevelopment project mumbai company expects complete project yrs generate rev,bullish,neutral,can not predict,bearish
111,shoppers stop 2qwithcnbctv18 revenue yoy profit loss yoy,bearish,bullish,can not predict,bearish
112,sagar cement 2qwithcnbctv18 â–¶ï¸loss profit â–¶ï¸revenue yoy â–¶ï¸ebitda down,bearish,bullish,can not predict,bearish
113,jubilant ingrevia reports earnings â–¶ï¸ net profit down â‚¹843 â‚¹1108 yoy â–¶ï¸ revenue â‚¹1304 â‚¹1223 yoy â–¶ï¸ ebitda down â‚¹1529 â‚¹1953 yoy â–¶ï¸ margin yoy,bearish,bullish,can not predict,bearish
114,symphony reports earnings â–¶ï¸net profit yoy â–¶ï¸revenue yoy â–¶ï¸ebitda down yoy â–¶ï¸margin yoy,bearish,bullish,can not predict,bearish
115,steel strips reports earnings â–¶ï¸net profit down â‚¹546 â‚¹628 yoy â–¶ï¸revenue â‚¹1081 â‚¹958 yoy â–¶ï¸ebitda down â‚¹1171 â‚¹137 yoy â–¶ï¸margin yoy,bearish,bullish,can not predict,bearish
116,suzlon energy rights issue fully subscribed,bullish,bullish,bullish,bearish
117,canara bank net profit â‚¹2525 crore cnbctv18 poll â‚¹19486 crore,bullish,neutral,can not predict,bullish
118,shifted new tax regime defer tax reduction â‚¹24516 says canara bank,bullish,bearish,can not predict,bullish
119,canara bank reports earnings â–¶ï¸provisions â‚¹3637 â‚¹3690 qoq â‚¹3360 yoy â–¶ï¸slippages â‚¹3948 â‚¹3949 qoq â–¶ï¸net interest margin qoq â–¶ï¸slippages â‚¹3948 â‚¹3949 qoq,bearish,bullish,can not predict,bullish
120,ramco systems partners with australiabased wagestream for financial wellness solutions,bullish,bullish,bullish,bearish
121,smart metering cos focus after adani transmission appointed advanced metering infrastructure ami partner best mumbai,bullish,bullish,bullish,bullish
122,smart metering cos focus after adani transmission appointed advanced metering infrastructure ami partner best mumbai,bullish,bullish,bullish,bullish
123,smart metering cos focus after adani transmission appointed advanced metering infrastructure ami partner best mumbai,bullish,bullish,bullish,bullish
124,smart metering cos focus after adani transmission appointed advanced metering infrastructure ami partner best mumbai,bullish,bullish,bullish,bullish
125,tcs partners with sainsburyâ€™s modernise its infrastructure landscape,bullish,neutral,can not predict,bearish
126,credit card data credit card data shows sbi card has gained market share spends mom spends market share declined only for hdfc bank down bps mom axis icici saw increase market share bps mom respectively,bearish,bullish,can not predict,bearish
127,tracxn tech lists â‚¹845sh issue price â‚¹80sh nse,bullish,neutral,can not predict,bearish
128,max fin concall both axis max remain committed the transaction wrt max life,bullish,bullish,bullish,bullish
129,nlc india signs ppa with kerala state electricity board limited,bullish,bearish,can not predict,bullish
130,granules india reports earnings â–¶ï¸net profit yoy â–¶ï¸revenue yoy â–¶ï¸ebitda yoy â–¶ï¸margin yoy,bearish,bullish,can not predict,bullish
131,asian paints net profit rises pay interim dividend 440rsshare,bullish,bullish,bullish,bullish
132,finished dosage pfi api segments grew respectively net debt the company has slipped â‚¹5538 crore september from â‚¹6132 crore june says granules india,bullish,bullish,bullish,bullish
133,union bank reports earnings â–¶ï¸ net profit â‚¹18477 â‚¹15261 yoy â–¶ï¸ nii â‚¹8305 â‚¹68293 yoy â–¶ï¸ gnpa down â‚¹65390 â‚¹74500 qoq â–¶ï¸ nnpa down â‚¹191926 â‚¹22392 qoq,bearish,bullish,can not predict,bullish
134,johnson hitachi reports earnings â–¶ï¸net loss â‚¹529 loss â‚¹92 yoy â–¶ï¸revenue down â‚¹3082 â‚¹3972 yoy â–¶ï¸ebitda loss â‚¹54 loss â‚¹56 yoy,bearish,bearish,bearish,bearish
135,apcotex reports earnings â–¶ï¸profit yoy â–¶ï¸revenue yoy,bearish,neutral,can not predict,bearish
136,cigniti tech reports earnings â–¶ï¸net profit yoy â–¶ï¸revenue yoy â–¶ï¸ebitda yoy â–¶ï¸margin yoy,bearish,bullish,can not predict,bearish
137,axis bank reports earnings net profit cnbctv18 poll,bearish,bullish,can not predict,bullish
138,dixon tech 2qwithcnbctv18 cons net profit qoq cons revenue qoq,bearish,bullish,can not predict,bearish
139,axis bank results lender clocks profit â‚¹5330 nii rises,bearish,bullish,can not predict,bullish
140,bajaj finance net profit jumps â‚¹2781 crore,bullish,bullish,bullish,bearish
141,dhampur sugar mills reports earnings â–¶ï¸net profit down yoy â–¶ï¸revenue yoy â–¶ï¸ebitda down yoy â–¶ï¸margin yoy,bearish,bullish,can not predict,bearish
142,nazara tech reports earnings â–¶ï¸net profit down yoy â–¶ï¸revenue yoy â–¶ï¸ebitda down yoy â–¶ï¸margin yoy,bearish,bullish,can not predict,bearish
143,tanla platforms reports earnings â–¶ï¸net profit down yoy â–¶ï¸revenue yoy,bearish,bullish,can not predict,bearish
144,gujarat industries power reports earnings â–¶ï¸net profit down yoy â–¶ï¸revenue down yoy â–¶ï¸ebitda down yoy â–¶ï¸margin yoy,bearish,bullish,can not predict,bullish
145,lakshmi machine works reports earnings â–¶ï¸net profit yoy â–¶ï¸revenue yoy,bearish,bullish,can not predict,bullish
146,infosys has allowed its employees take external gig work becoming the first large software services firm india moonlighting,bearish,neutral,can not predict,bullish
147,breaking prime minister liz truss resigns after failed budget and market turmoil,bullish,bearish,can not predict,bearish
148,united breweries operational margin the second qtr better than expected,bullish,bullish,bullish,bearish
149,cci approves acquisition stake basque investments yes bank,bullish,bullish,bullish,bullish
150,bajaj finance reports earnings â–¶ï¸net profit yoy â–¶ï¸aum grew,bearish,bullish,can not predict,bearish
151,bajaj finance reports highest ever consolidated quarterly profit after tax,bullish,bullish,bullish,bearish
152,knr constructions has transferred its remaining equity stake subsidiary company knr tirumala infra cube highways and infrastructure iii the company has received against transfer remaining equity stake,bullish,neutral,can not predict,bearish
153,shree digvijay cement reports earnings â–¶ï¸ net profit down â‚¹63 â‚¹134 yoy â–¶ï¸ revenue â‚¹1638 â‚¹1538 yoy â–¶ï¸ ebitda down â‚¹157 â‚¹275 yoy â–¶ï¸ margin yoy,bearish,neutral,can not predict,bullish
154,kalyani steels reports earnings â–¶ï¸net profit down â‚¹346 â‚¹617 yoy â–¶ï¸revenue â‚¹5003 â‚¹4608 yoy â–¶ï¸ebitda down â‚¹51 â‚¹856 yoy â–¶ï¸ebitda margin yoy,bearish,bullish,can not predict,bearish
155,overall business doing well satellite communications growing faster domestic aviation will take years adapt inflightcommunication says nath nelco,bearish,bullish,can not predict,bullish
156,indiaâ€¯â€¯â€¯ said seek valuation for idbi bank stake sale,bullish,neutral,can not predict,bullish
157,icici securities ðÿ”´revenue â‚¹858 â‚¹794 crores ðÿ”´ebitda â‚¹523 â‚¹483 ðÿ”´profit â‚¹300 â‚¹274 ðÿ”´costtoincome ratio ðÿ”´gained market share across segments,bearish,bullish,can not predict,bullish
158,icici securities ðÿ”´revenue â‚¹858 â‚¹794 crores ðÿ”´ebitda â‚¹523 â‚¹483 ðÿ”´profit â‚¹300 â‚¹274 ðÿ”´costtoincome ratio ðÿ”´gained market share across segments,bearish,bullish,can not predict,bullish
159,indian govt unlikely raise palm oil imports duty bloomberg,bullish,neutral,can not predict,bullish
160,bandhan financial holdings gets rbi rbi nod invest idfc amc idfc tcl says idfc,bearish,neutral,can not predict,bullish
161,irb infrastructure developers reports earnings â–¶ï¸ net profit â‚¹853 â‚¹423 yoy â–¶ï¸ revenue down â‚¹13429 â‚¹14652 yoy â–¶ï¸ ebitda down â‚¹6651 â‚¹7176 yoy â–¶ï¸ margin yoy,bearish,bullish,can not predict,bullish
162,motilal oswal fin services reports earnings â–¶ï¸net profit down yoy â–¶ï¸revenue down yoy,bearish,bullish,can not predict,bullish
163,karur vysya bank reports earnings â–¶ï¸net profit â‚¹2502 â‚¹1654 yoy â–¶ï¸nii â‚¹8215 â‚¹6804 yoy,bearish,bullish,can not predict,bullish
164,rane madras reports earnings â–¶ï¸net profit down yoy â–¶ï¸revenue yoy â–¶ï¸ebitda yoy â–¶ï¸margin yoy,bearish,bullish,can not predict,bullish
165,atul reports earnings â–¶ï¸net profit yoy â–¶ï¸revenue yoy â–¶ï¸ebitda down yoy â–¶ï¸margin yoy,bearish,bullish,can not predict,bearish
166,bajaj finserv reports earnings â–¶ï¸net profit â‚¹1557 â‚¹1122 yoy â–¶ï¸revenue â‚¹208032 â‚¹18008 yoy,bearish,bullish,can not predict,bullish
167,rajratan global wire reports earnings â–¶ï¸net profit down yoy â–¶ï¸revenue down yoy â–¶ï¸ebitda down yoy â–¶ï¸margin yoy,bearish,bullish,can not predict,bullish
168,glenmark life reports earnings â–¶ï¸net profit down yoy â–¶ï¸revenue down yoy â–¶ï¸ebitda down yoy â–¶ï¸margin yoy,bearish,bullish,can not predict,bearish
169,hdfc life reports earnings â–¶ï¸india embedded value yoy â–¶ï¸value new biz yoy â–¶ï¸vnb margin yoy â–¶ï¸ape yoy,bullish,bullish,bullish,bullish
170,hdfc life reports earnings â–¶ï¸new business premium down yoy,bullish,neutral,can not predict,bullish
171,hdfc life reports earnings â–¶ï¸ape cnbctv18 poll â–¶ï¸new business premium down yoy â–¶ï¸value new biz cnbctv18 poll,bullish,neutral,can not predict,bullish
172,idbi bank reports earnings â–¶ï¸net profit yoy â–¶ï¸nii yoy,bearish,bullish,can not predict,bullish
173,jubilant pharmova reports earnings â–¶ï¸net profit down yoy â–¶ï¸revenue down yoy â–¶ï¸ebitda down yoy â–¶ï¸margin yoy,bearish,bullish,can not predict,bullish
174,hind zinc reports earnings â–¶ï¸net profit yoy â–¶ï¸revenue yoy â–¶ï¸ebitda yoy â–¶ï¸ebitda margin yoy,bearish,bullish,can not predict,bullish
175,century enka reports earnings â–¶ï¸profit down yoy â–¶ï¸revenue yoy â–¶ï¸ebidta down yoy â–¶ï¸margin yoy,bearish,neutral,can not predict,bullish
176,jsw steel reports earnings net loss cnbctv18 poll profit,bearish,bearish,bearish,bullish
177,birla soft 2qwithcnbctv18 net profit down qoq revenue qoq ebit qoq ebit margin unchanged qoq,bearish,bullish,can not predict,bullish
178,nazara technologies acquires stake absolute sports for,bullish,neutral,can not predict,bullish
179,sasken tech 2qwithcnbctv18 net profit qoq revenue qoq ebit qoq ebit margin qoq,bearish,bullish,can not predict,bullish
180,sasken tech declares interim dividend per share,bullish,bullish,bullish,bullish
181,sbi life new business premium increases yoy,bullish,neutral,can not predict,bullish
182,reliance jio reports increase more than profit nearly ebitda margin rises bps sequential basis,bullish,bullish,bullish,bullish
183,hindustan unilever â–¶ï¸home care rev growth cnbctv18 poll â–¶ï¸beauty personal care rev growth cnbctv18 poll â–¶ï¸food refreshments rev growth cnbctv18 poll,bullish,bullish,bullish,bullish
184,strong growth momentum continued september quarter added more than our topline first half the year says hindustan unilever hul urban markets seeing rural volume growth added,bullish,bullish,bullish,bullish
185,reliance jio posts yoy rise pat â‚¹4518 revenue climbs,bullish,neutral,can not predict,bullish
186,jsw steel sees wider than expected loss â‚¹915 price slump,bullish,bearish,can not predict,bullish
187,ambuja cements records pat â‚¹138 rising cost net sales,bullish,neutral,can not predict,bullish
188,hindustan zincs net profit increases revenue grows,bullish,bullish,bullish,bullish
189,dlf board approves fund raise upto,bullish,bullish,bullish,bearish
190,united spirits reports earnings â–¶ï¸net profit cnbctv18 poll,bullish,bullish,bullish,bullish
191,torrent pharma 2qwithcnbctv18 net profit down yoy revenue yoy ebitda yoy ebitda margin yoy,bearish,bullish,can not predict,bearish
192,dlf reports earnings â–¶ï¸net profit yoy â–¶ï¸revenue down yoy â–¶ï¸ebitda down yoy â–¶ï¸margin yoy,bearish,bullish,can not predict,bearish
193,educate consider bonus issue november,bullish,bullish,bullish,bullish
194,fitch ratings affirms axis bankâ€™s rating bbâ€™ outlook stable,bullish,bullish,bullish,bullish
195,reliance jio â–¶ï¸average revenue per user qoq â–¶ï¸total subscribers qoq,bearish,neutral,can not predict,bullish
196,reliance jio reports increase more than profit nearly ebitda margin rises bps sequential basis,bullish,bullish,bullish,bullish
197,domestic oil gas business continued deliver robust performance are confident commissioning fields year end says mukesh ambani rilresults,bullish,bullish,bullish,bullish
198,reliance jio posts yoy rise pat â‚¹4518 revenue climbs,bullish,neutral,can not predict,bullish
199,reliance ind demerge financial services undertaking and list jio financial services,bearish,neutral,can not predict,bullish
200,reliance ind shareholders get share jio fin services for share held jiofinancialservices relianceindustries,bearish,bullish,can not predict,bullish
201,bank baroda arm indiafirstlife files drhp with sebi for ipo consisting â‚¹500 fresh issue ofs shares,bullish,bullish,bullish,bullish
202,kec international bags new orders worth â‚¹2042,bullish,bullish,bullish,bullish
203,kotak mahindra bank posts net profit â‚¹25807 cnbctv18 poll â‚¹23364,bullish,bullish,bullish,bearish
204,yes bank â–¶ï¸net profit down yoy â–¶ï¸nii yoy,bearish,bullish,can not predict,bearish
205,yes bank â–¶ï¸gross npa qoq â–¶ï¸net npa qoq â–¶ï¸gross npa down qoq â–¶ï¸net npa down qoq,bearish,bullish,can not predict,bearish
206,sebiindia has barred entities including bombay dyeing manufacturing company and its promoters from the securities markets for two years,bullish,bullish,bullish,bearish
207,olaelectric launches the air scooter its third offering after and pro for the scooter will feature kwh battery pack kmhr top speed range,bullish,bullish,bullish,bullish
208,icici bank â–¶ï¸net profit yoy,bearish,bullish,can not predict,bullish
209,idfc first bank â–¶ï¸net profit cnbctv18 poll,bullish,bullish,bullish,bullish
210,mcx â–¶ï¸net profit yoy â–¶ï¸revenue yoy â–¶ï¸ebitda yoy â–¶ï¸margin yoy,bearish,bullish,can not predict,bullish
211,t20 indiaâ€¯â€¯â€¯ pakistan india beat pakistan four wickets t20worldcup2022,bearish,neutral,can not predict,bullish
212,rishisunak set become next prime minister,bullish,neutral,can not predict,bullish
213,ujjivan small fin bank gets sebi nod for ipo,bullish,neutral,can not predict,bullish
214,govt official psu banks 1âƒ£expect profits psu banks close â‚¹1 lakh fy23 against â‚¹66000 fy22 2âƒ£targeting â€˜conservativeâ€™ growth psb profits for fy23 3âƒ£psu banks well capitalised not require recapitalisation,bullish,bullish,bullish,bullish
215,intellect design bags order from foresight,bearish,bullish,can not predict,bullish
216,cci imposes monetary penalty google for anticompetitive practices relation its playstore policies the commission cciindia also directed google modify its conduct within defined timeline,bearish,bearish,bearish,bullish
217,foods board meeting oct consider raising funds,bullish,neutral,can not predict,bullish
218,hdfc sold stake oct,bullish,neutral,can not predict,bullish
219,trident group completes new solar power project mwp budhni madhya pradesh the commissioning both the phases comprising mwp solar power plant phase and mwp solar power plant phase for captive use,bullish,neutral,can not predict,bearish
220,what happened overnight spx nasdaq ust 10y yield bps oil avg home prices see biggest mom drop since march conf board oct consumer confidence came lower end expectations fed speakers blackout,bearish,neutral,can not predict,bearish
221,microsoft small headline beat usd revenues commercial cloud bookings strong yoy azure growth lower expected steady growth office commercial products windows oem revenue hit from weak demand,bearish,bullish,can not predict,bullish
222,dabur acquire stake badshah masala for â‚¹5875 the acquisition expected completed before march,bullish,neutral,can not predict,bullish
223,thirumalai chemicals reports earnings â–¶ï¸net profit down â‚¹343 â‚¹506 yoy â–¶ï¸revenue â‚¹5721 â‚¹4771 yoy â–¶ï¸ebitda down â‚¹607 â‚¹833 yoy â–¶ï¸ebitda margin yoy,bearish,bullish,can not predict,bearish
224,hero motocorp partner with terrafirma motors corporation tmc sell motorcycles phillipines,bullish,bullish,bullish,bullish
225,century textiles reports earnings â–¶ï¸net profit â‚¹716 â‚¹447 yoy â–¶ï¸revenue â‚¹12108 â‚¹998 yoy â–¶ï¸ebitda â‚¹1579 â‚¹964 yoy â–¶ï¸ebitda margin yoy,bearish,bullish,can not predict,bearish
226,bank india consider raising funds â‚¹2500 via additional tieri bonds november,bullish,neutral,can not predict,bullish
227,nykaa from post listing high from ipo price flows fear preipo lock ends nov expromoter holding equity eligible for sale mgmnt change rajesh uppalapati appointed cto place sanjay suri,bullish,bearish,can not predict,bullish
228,foods near 52week high sources say firms looking acquire majority stake,bullish,neutral,can not predict,bullish
229,jeweller defaults loan facilities the julysep quarter,bullish,neutral,can not predict,bullish
230,anupam rasayan india reports earnings â–¶ï¸net profit yoy â–¶ï¸revenue yoy â–¶ï¸ebitda yoy â–¶ï¸margin yoy,bearish,bullish,can not predict,bullish
231,aditya birla amc reports earnings â–¶ï¸profit yoy â–¶ï¸revenue down yoy,bearish,neutral,can not predict,bullish
232,ecb decision european central bank raises interest rates percentage points,bearish,bullish,can not predict,bearish
233,the european central bank announced 75basispoint interest rate hike â€” its third consecutive increase this year â€” while also revealing new measures for european banks ecb,bearish,bullish,can not predict,bullish
234,vardhman textiles yoy ðÿ”´net profit down â‚¹205 â‚¹4815 ðÿ”´revenue â‚¹2470 â‚¹2385 ðÿ”´ebitda down â‚¹358 â‚¹676 ðÿ”´margin,bearish,bullish,can not predict,bearish
235,punjab alkali chemicals reports earnings â–¶ï¸net profit â‚¹405 loss â‚¹373 yoy â–¶ï¸revenue â‚¹1857 â‚¹87 yoy â–¶ï¸ebitda â‚¹525 loss â‚¹398 yoy â–¶ï¸ebitda margin,bearish,bearish,bearish,bearish
236,rane holdings reports earnings ðÿ”´net profit yoy ðÿ”´revenue yoy ðÿ”´ebitda yoy ðÿ”´margin yoy,bearish,bullish,can not predict,bullish
237,ramco ind reports earnings â–¶ï¸net profit down â‚¹31 â‚¹336 yoy â–¶ï¸revenue down â‚¹3037 â‚¹3112 yoy â–¶ï¸ebitda down â‚¹305 â‚¹556 yoy â–¶ï¸ebitda margin yoy,bearish,bullish,can not predict,bullish
238,niit reports earnings â–¶ï¸net profit down â‚¹395 â‚¹524 yoy â–¶ï¸revenue â‚¹3922 â‚¹3155 yoy â–¶ï¸ebitda down â‚¹561 â‚¹73 yoy â–¶ï¸ebitda margin yoy,bearish,bullish,can not predict,bullish
239,gmr infra says gmr goa international airport the advance stage project completion,bullish,neutral,can not predict,bullish
240,dwarikesh sugar yoy ðÿ”´net profit down â‚¹78 â‚¹396 ðÿ”´revenue â‚¹5401 â‚¹5058 ðÿ”´ebitda down â‚¹283 â‚¹747 ðÿ”´margin,bearish,bullish,can not predict,bearish
241,maruti says shortage electronic components impacted production about vehicles,bullish,bearish,can not predict,bullish
242,south indian bank gets rbi nod for reappointment salim gangadharan parttime nonexec chairman for year,bullish,neutral,can not predict,bullish
243,financials see profit booking with most major names slipping friday maruti surges close 52week high after betterthanexpected reliance support nifty with stock contributing points upside,bullish,bullish,bullish,bullish
244,eveready reports earnings ðÿ”´net profit down yoy ðÿ”´revenue yoy ðÿ”´ebitda down yoy ðÿ”´margin yoy,bearish,bullish,can not predict,bearish
245,astec lifesciences reports earnings ðÿ”´net profit yoy ðÿ”´revenue yoy ðÿ”´ebitda yoy ðÿ”´margin yoy,bearish,bullish,can not predict,bearish
246,blue dart express reports earnings ðÿ”´net profit yoy ðÿ”´revenue yoy ðÿ”´ebitda down yoy ðÿ”´margin yoy,bearish,bullish,can not predict,bullish
247,hero motocorp saw growth over the corresponding festive period fy22,bullish,bullish,bullish,bullish
248,cbi arrests neeraj saluja director sel textiles ongoing bank fraud probe ludhianabased with units across north india accused defrauding consortium banks,bullish,bearish,can not predict,bullish
249,ccl products india reports earnings â–¶ï¸net profit yoy â–¶ï¸revenue yoy,bearish,bullish,can not predict,bullish
250,mangalore refinery and petrochemicals limited mrpl reports earnings â–¶ï¸net loss profit qoq â–¶ï¸revenue down qoq â–¶ï¸ebitda loss profit qoq,bearish,bullish,can not predict,bearish
251,jsw energy 2qwithcnbctv18 â–¶ï¸net profit yoy â–¶ï¸revenue yoy â–¶ï¸ebitda down yoy â–¶ï¸margin yoy,bearish,bullish,can not predict,bullish
252,reliance strategic business ventures wholly owned subsidiary reliance ind invests million its subsidiary skytran inc increase its shareholding fully diluted basis,bullish,bullish,bullish,bullish
253,future enterprises default principal amount â‚¹12613 banks lenders,bullish,neutral,can not predict,bullish
254,russia suspends its participation the blackseagraininitiative retaliatory move for what says were kyivordered attacks russian vessels the unbacked deal brokered july eased russiaâ€™s naval blockade reopened key ukrainian ports,bullish,bearish,can not predict,bullish
255,construction secures power transmission orders the range â‚¹10002500 saudi arabia,bullish,bullish,bullish,bearish
256,panache digilife agreement with revamp moto manufacture supply indian market,bullish,bullish,bullish,bullish
257,lic housing fin under pressure ahead its earnings tomorrow,bearish,bearish,bearish,bullish
258,vst tillers yoy ðÿ”´net profit down â‚¹227 â‚¹321 ðÿ”´revenue â‚¹2342 â‚¹2335 ðÿ”´ebitda â‚¹322 â‚¹384 ðÿ”´margin,bearish,bullish,can not predict,bullish
259,ghcl reports earnings â­•ï¸net profit yoy â­•ï¸revenue yoy â­•ï¸ebitda yoy â­•ï¸margin yoy,bearish,bullish,can not predict,bearish
260,saregama reports earnings â­•ï¸net profit yoy â­•ï¸revenue yoy â­•ï¸ebitda yoy â­•ï¸margin yoy,bearish,bullish,can not predict,bullish
261,supreme industries reports earnings â­•ï¸net profit down yoy â­•ï¸revenue yoy â­•ï¸ebitda down yoy â­•ï¸margin yoy,bearish,bullish,can not predict,bullish
262,swaraj engines yoy ðÿ”´profit â‚¹359 â‚¹338 ðÿ”´revenue â‚¹3848 â‚¹3436 ðÿ”´ebitda â‚¹505 â‚¹477 ðÿ”´margin,bullish,neutral,can not predict,bearish
263,dwarikesh sugar wants sugar export allowed immediately company sees margin improving hereon,bearish,bullish,can not predict,bullish
264,max fin focus irdai writes sebi examine axis bankmax life share deal sources,bullish,bullish,bullish,bearish
265,set achieve rev growth fy23 expect h2fy23 turnover better than h1fy23 have received letter intent â‚¹8100 for battery pack fy23 ebitda margin guidance expect export orders for fy23 bharat electronics concall,bullish,bullish,bullish,bearish
266,castrol india reports earnings â–¶ï¸net profit yoy â–¶ï¸revenue yoy â–¶ï¸ebitda down yoy â–¶ï¸margin yoy,bearish,bullish,can not predict,bullish
267,hindustan aeronautics limited hal gives additional charge for the post chairman ananthakrishnan director finance â–¶ï¸reappointment for further period six months,bullish,bearish,can not predict,bearish
268,hfcl gets approval for application under production linked incentive pli scheme avail incentives,bullish,bullish,bullish,bullish
269,equitas sfb bank reports earnings â­•ï¸profit cnbctv18 poll â­•ï¸nii cnbctv18 poll,bullish,neutral,can not predict,bullish
270,equitas sfb bank reports earnings â­•ï¸net profit yoy â­•ï¸nii yoy,bearish,bullish,can not predict,bullish
271,equitas sfb bank reports earnings â­•ï¸net npa qoq â­•ï¸gross npa qoq â­•ï¸net npa qoq â­•ï¸gross npa qoq,bearish,neutral,can not predict,bullish
272,cupid gets order from united nations population fund unfpa,bullish,bullish,bullish,bearish
273,timken india reports earnings â–¶ï¸net profit yoy â–¶ï¸revenue yoy,bearish,bullish,can not predict,bullish
274,cnbc awaaz newsbreak oil omcs cut petrol and diesel price paisa from tomorrow morning reduction prices paisa daily likely continue for next days total reduction petrol and diesel prices instalments likely fuel petrol diesel,bullish,bearish,can not predict,bearish
275,moil prices ferro grades manganese ore with manganese content mn44 above cut the basic price emd have been increased for the month november22 from rs170000 pmt rs180000 pmt,bullish,neutral,can not predict,bearish
276,axis bank opens the red after bain capital sells stake bank,bearish,neutral,can not predict,bearish
277,maruti ðÿ”´total sales units nomura est units total sales down mom ðÿ”´alert yoy numbers not comparable oct sales were impacted chip shortage ðÿ”´domestic sales units,bullish,bearish,can not predict,bearish
278,varun beverages ðÿ”´net profit â‚¹381 â‚¹240 ðÿ”´revenue â‚¹3248 â‚¹24404 ðÿ”´ebitda â‚¹699 â‚¹494 ðÿ”´margin,bullish,bullish,bullish,bullish
279,october autosales vst tiller tractors sales slip nearly yoy its units units,bullish,neutral,can not predict,bullish
280,eicher vecv sales rise yoy units units the same month last year,bullish,neutral,can not predict,bearish
281,goa carbon resumes production goa unit,bullish,neutral,can not predict,bearish
282,upl gross debt september â‚¹32550 â‚¹30123 june,bullish,bearish,can not predict,bullish
283,atul auto â­•ï¸total sales units units yoy,bullish,neutral,can not predict,bearish
284,mahindra mahindra â­•ï¸total tractor sales units units yoy â­•ï¸total auto sales units units yoy,bullish,neutral,can not predict,bearish
285,wheels india reports earnings â–¶ï¸net profit down â‚¹119 â‚¹206 yoy â–¶ï¸revenue â‚¹11891 â‚¹9731 yoy â–¶ï¸ebitda down â‚¹563 â‚¹672 yoy â–¶ï¸ebitda margin yoy,bearish,bullish,can not predict,bearish
286,dhanuka agritech reports earnings â­•ï¸net profit yoy â­•ï¸revenue yoy â­•ï¸ebitda yoy â­•ï¸margin yoy,bearish,bullish,can not predict,bearish
287,balrampur chini consider share buyback november,bullish,bullish,bullish,bullish
288,cms info systems reports earnings â–¶ï¸net profit â‚¹725 â‚¹527 yoy â–¶ï¸revenue â‚¹4716 â‚¹372 yoy â–¶ï¸ebitda â‚¹134 â‚¹94 yoy â–¶ï¸ebitda margin yoy,bearish,bullish,can not predict,bearish
289,coal india coalindiahq october provisional output yoy â­•ï¸october provisional offtake down yoy,bearish,neutral,can not predict,bearish
290,whirlpool reports earnings much lower than bloomberg estimates ebitda â‚¹722 estimate â‚¹109 margin estimate,bullish,bearish,can not predict,bearish
291,basf karnataka rules favour company tax notice case â­•ï¸karnataka quashes the order commercial tax department karnataka â­•ï¸alert karnataka tax department had issued tax notice for period,bullish,bullish,bullish,bullish
292,adani ports reports earnings â­•ï¸net profit yoy â­•ï¸revenue yoy â­•ï¸ ebitda yoy â­•ï¸ebitda margin yoy,bearish,bullish,can not predict,bearish
293,adani ports reports earnings â­•ï¸net profit yoy â­•ï¸revenue yoy â­•ï¸ ebitda yoy â­•ï¸ebitda margin yoy,bearish,bullish,can not predict,bearish
294,adani ports reports earnings â­•ï¸net profit yoy â­•ï¸revenue yoy â­•ï¸ ebitda yoy â­•ï¸ebitda margin yoy,bearish,bullish,can not predict,bearish
295,adani ports reports earnings â­•ï¸net profit yoy â­•ï¸revenue yoy â­•ï¸ ebitda yoy â­•ï¸ebitda margin yoy,bearish,bullish,can not predict,bearish
296,grasim ind board approves raising through ncds,bullish,bullish,bullish,bearish
297,tyre reports earnings â–¶ï¸net profit down yoy â–¶ï¸revenue yoy â–¶ï¸ebitda yoy â–¶ï¸margin yoy,bearish,bullish,can not predict,bullish
298,icici bank says icicibank today executed first secondary market transaction gsec using cbdc centralbankdigitalcurrency,bullish,neutral,can not predict,bearish
299,the united states and united arab emirates signs strategic partnership that will see billion mobilized develop gigawatts cleanenergy,bullish,bullish,bullish,bullish
300,sml isuzu â­•ï¸total sales down units units yoy â­•ï¸total cargo vehicles sales down units units yoy â­•ï¸total sales units units yoy,bullish,neutral,can not predict,bearish
301,chambal fert reports earnings â–¶ï¸net profit down yoy â–¶ï¸revenue yoy â–¶ï¸ebitda down yoy â–¶ï¸margin yoy,bearish,bullish,can not predict,bearish
302,royal enfields total sales units units yoy,bullish,neutral,can not predict,bullish
303,tamilnadu petroproducts reports earnings â­•ï¸net profit down qoq â­•ï¸revenue qoq â­•ï¸ebitda qoq â­•ï¸margin qoq,bearish,bullish,can not predict,bearish
304,the dow jones industrial average jumps points the and nasdaq composite add and respectively wall street looks ahead key federal reserve decision rates,bullish,bullish,bullish,bullish
305,tata add workers iphone parts plant tamil nadu most them are women,bullish,neutral,can not predict,bullish
306,glenmark gets anda nod from fda for sodium phenylbutyrate tablets usp used help treat urea cycle disorders,bullish,bullish,bullish,bullish
307,tourism fin large trade lakh shares equity worth â‚¹487 crore change hands average â‚¹85share,bullish,bullish,bullish,bullish
308,bharti airtel surpasses customers its network,bullish,neutral,can not predict,bullish
309,maruti suzuki maruticorp production crosses cumulative production million units,bullish,neutral,can not predict,bullish
310,firstsource reports earnings â–¶ï¸net profit â‚¹1294 â‚¹85 qoq â–¶ï¸revenue â‚¹1487 â‚¹1472 qoq â–¶ï¸ebitda â‚¹191 â‚¹181 qoq â–¶ï¸ebitda margin qoq,bullish,bullish,bullish,bearish
311,firstsource reports other income â‚¹493 â‚¹63 qoq,bullish,neutral,can not predict,bearish
312,cabinet approves mechanism for procurement ethanol public sector oil marketing companies omcs under ethanol blended petrol ebp programme revision ethanol price for ethanol supply year esy,bullish,bullish,bullish,bullish
313,adani transmission board approves raising via ncds,bullish,bullish,bullish,bearish
314,adani transmission board approves raising via ncds,bullish,bullish,bullish,bearish
315,adani transmission board approves raising via ncds,bullish,bullish,bullish,bearish
316,adani transmission board approves raising via ncds,bullish,bullish,bullish,bearish
317,kajaria ceramics 2qwithcnbctv18 net profit down yoy revenue yoy ebitda down yoy ebitda margin yoy,bearish,bullish,can not predict,bearish
318,mahindra holidays reports earnings â–¶ï¸net profit down â‚¹41 â‚¹59 yoy â–¶ï¸revenue â‚¹5984 â‚¹5464 yoy â–¶ï¸ebitda down â‚¹1165 â‚¹1184 yoy â–¶ï¸ebitda margin yoy,bearish,bullish,can not predict,bearish
319,grindwell norton reports earnings â–¶ï¸net profit â‚¹903 â‚¹715 yoy â–¶ï¸revenue â‚¹6346 â‚¹5126 yoy â–¶ï¸ebitda â‚¹1223 â‚¹101 yoy â–¶ï¸ebitda margin yoy,bearish,bullish,can not predict,bearish
320,triveni turbine board approves buyback shares via tender offer the will spend share buyback board approves buyback shares 350sh,bullish,bullish,bullish,bearish
321,breaking the federal reserve hikes rates bps this its fourth hike row that caliber battles high inflation,bearish,bearish,bearish,bearish
322,piramal enterprises board meeting nov consider issuance ncds,bullish,neutral,can not predict,bullish
323,godrej properties acquires acresâ€™ residential project manorpalghar maharashtra project will offer booking value potential approximately â‚¹500 land parcel manor have developable potential sqft saleable area,bullish,bullish,bullish,bearish
324,bank india reports earnings â–¶ï¸net profit down â‚¹960 â‚¹1051 yoy â–¶ï¸nii â‚¹5083 â‚¹35233 yoy,bearish,bullish,can not predict,bullish
325,bank india reports earnings â–¶ï¸gross npa qoq â–¶ï¸net npa qoq â–¶ï¸gross npa â‚¹42014 â‚¹44414 qoq â–¶ï¸net npa â‚¹8836 â‚¹9775 qoq,bearish,neutral,can not predict,bullish
326,medanta operator global healths ipo launches today,bullish,neutral,can not predict,bullish
327,coromandel international reports earnings â–¶ï¸ net profit â‚¹7405 â‚¹5193 yoy â–¶ï¸ revenue â‚¹101134 â‚¹61475 yoy â–¶ï¸ ebitda â‚¹1057 â‚¹743 yoy â–¶ï¸ margin yoy,bearish,bullish,can not predict,bearish
328,apar industries â–¶ï¸profit â‚¹1026 â‚¹569 yoy â–¶ï¸revenue â‚¹32349 â‚¹22691 yoy â–¶ï¸ebidta â‚¹2259 â‚¹1276 yoy â–¶ï¸margin yoy,bullish,neutral,can not predict,bullish
329,raymond reports earnings â–¶ï¸ profit â‚¹1589 â‚¹533 yoy â–¶ï¸ revenue â‚¹21682 â‚¹15513 yoy â–¶ï¸ ebidta â‚¹3349 â‚¹1809 yoy â–¶ï¸ margin yoy,bearish,neutral,can not predict,bullish
330,ajanta pharma 2qwithcnbctv18 ðÿ©¹ cons net profit down yoy ðÿ©¹ revenue yoy ðÿ©¹ ebitda down yoy ðÿ©¹ ebitda margin yoy,bearish,bullish,can not predict,bearish
331,lakshmi cement reports earnings â–¶ï¸ profit down â‚¹61 â‚¹843 yoy â–¶ï¸ revenue â‚¹13736 â‚¹12088 yoy â–¶ï¸ ebidta down â‚¹164 â‚¹1941 yoy â–¶ï¸ margin yoy,bearish,bullish,can not predict,bearish
332,vodafone idea reports earnings â–¶ï¸ net loss â‚¹75955 loss â‚¹72967 qoq,bearish,bearish,bearish,bearish
333,adani enterprises reports earnings â–¶ï¸ net profit down qoq,bearish,bullish,can not predict,bullish
334,adani enterprises reports earnings â–¶ï¸ net profit down qoq,bearish,bullish,can not predict,bullish
335,adani enterprises reports earnings â–¶ï¸ net profit down qoq,bearish,bullish,can not predict,bullish
336,adani enterprises reports earnings â–¶ï¸ net profit down qoq,bearish,bullish,can not predict,bullish
337,adani enterprises reports earnings â–¶ï¸ net profit â‚¹461 â‚¹212 yoy,bearish,bullish,can not predict,bullish
338,adani enterprises reports earnings â–¶ï¸ net profit â‚¹461 â‚¹212 yoy,bearish,bullish,can not predict,bullish
339,adani enterprises reports earnings â–¶ï¸ net profit â‚¹461 â‚¹212 yoy,bearish,bullish,can not predict,bullish
340,adani enterprises reports earnings â–¶ï¸ net profit â‚¹461 â‚¹212 yoy,bearish,bullish,can not predict,bullish
341,sanofi india 2qwithcnbctv18 ðÿ©¹ cons net profit down ðÿ©¹ revenue down ðÿ©¹ ebitda down ðÿ©¹ ebitda margin,bearish,bullish,can not predict,bullish
342,bankofengland raises its benchmark rate basis points its biggest hike years the 75basispoint increase takes the bank rate its eighth consecutive hike the main lending rate,bearish,bullish,can not predict,bullish
343,jmc projects bags new orders worth â‚¹2277,bearish,bullish,can not predict,bullish
344,amara raja sees biggest singleday gain years after strong earnings,bullish,bullish,bullish,bullish
345,coromandel intlâ€™s market share pos segment rises from,bullish,bullish,bullish,bearish
346,coal india ntpc hind zinc rites focus govt may bring ofs these companies soon sources,bullish,neutral,can not predict,bullish
347,ttk prestige reports earnings ðÿ”´net profit down â‚¹845 â‚¹1035 yoy ðÿ”´revenue down â‚¹8423 â‚¹8585 yoy ðÿ”´ebitda down â‚¹1183 â‚¹1434 yoy ðÿ”´ebitda margin yoy,bearish,bullish,can not predict,bullish
348,hil reports results â–¶ï¸net loss â‚¹68 profit â‚¹261 yoy â–¶ï¸revenue down â‚¹7639 â‚¹7659 yoy â–¶ï¸ebitda down â‚¹121 â‚¹629 yoy â–¶ï¸ebitda margin yoy,bearish,bullish,can not predict,bearish
349,treasury secretary janetyellen will travel india and the group summit indonesia next week bolster usindia economic ties she will also try overcome g20 divisions prompted russias war ukraine,bullish,bearish,can not predict,bullish
350,tata motors jlr sales increase units from units yoy,bullish,bullish,bullish,bullish
351,tata motors jlr sales increase units from units yoy,bullish,bullish,bullish,bullish
352,tata motors jlr sales increase units from units yoy,bullish,bullish,bullish,bullish
353,tata motors jlr sales increase units from units yoy,bullish,bullish,bullish,bullish
354,tata motors jlr sales increase units from units yoy,bullish,bullish,bullish,bullish
355,tata motors jlr sales increase units from units yoy,bullish,bullish,bullish,bullish
356,tata motors jlr sales increase units from units yoy,bullish,bullish,bullish,bullish
357,tata motors jlr sales increase units from units yoy,bullish,bullish,bullish,bullish
358,tata motors jlr sales increase units from units yoy,bullish,bullish,bullish,bullish
359,tata motors jlr sales increase units from units yoy,bullish,bullish,bullish,bullish
360,tata motors jlr sales increase units from units yoy,bullish,bullish,bullish,bullish
361,tata motors jlr sales increase units from units yoy,bullish,bullish,bullish,bullish
362,greaves cotton ampere brand electric 2wheelers registered sales units festive months,bullish,bullish,bullish,bullish
363,interglobe aviation âœˆï¸revenue yoy âœˆï¸loss loss yoy âœˆï¸ebitdar yoy,bearish,bearish,bearish,bearish
364,godrej agrovet reports earnings â–¶ï¸net profit down â‚¹7176 â‚¹10926 yoy,bearish,bullish,can not predict,bearish
365,kamath appointed independent director reliance ind,bullish,neutral,can not predict,bullish
366,reliance ind appoints kamath independent director reliance strategic investments rsil appoints kamath nonexecutive chairman rsil will renamed jio financial services listed kvkamath will continue independent director nonexecutive chairman jfsl,bearish,neutral,can not predict,bullish
367,mahindra logistics reports earnings â–¶ï¸ profit â‚¹119 â‚¹46 yoy,bearish,bullish,can not predict,bullish
368,shipping corp reports earnings â–¶ï¸net profit down â‚¹1244 â‚¹243 yoy â–¶ï¸revenue â‚¹1420 â‚¹1221 yoy â–¶ï¸ebitda down â‚¹3221 â‚¹399 yoy â–¶ï¸ebitda margin yoy,bearish,bullish,can not predict,bearish
369,commerce ministry 9th round indiasouth korea cepa upgradation negotiation talks held seoul india raised serious concerns growing trade deficit between the nations market access issues both sides agreed expedite negotiations reach mutually beneficial outcome,bullish,bullish,bullish,bullish
370,idfc first bank gets board approval raise,bullish,bullish,bullish,bullish
371,adani ports operational update ðÿš¢cargo volume during apriloct approximately mmt yoy ðÿš¢co handled approximately mmt cargo october ðÿš¢october cargo volumes mmt cargo milestone achieved days,bearish,neutral,can not predict,bearish
372,adani ports operational update ðÿš¢cargo volume during apriloct approximately mmt yoy ðÿš¢co handled approximately mmt cargo october ðÿš¢october cargo volumes mmt cargo milestone achieved days,bearish,neutral,can not predict,bearish
373,adani ports operational update ðÿš¢cargo volume during apriloct approximately mmt yoy ðÿš¢co handled approximately mmt cargo october ðÿš¢october cargo volumes mmt cargo milestone achieved days,bearish,neutral,can not predict,bearish
374,adani ports operational update ðÿš¢cargo volume during apriloct approximately mmt yoy ðÿš¢co handled approximately mmt cargo october ðÿš¢october cargo volumes mmt cargo milestone achieved days,bearish,neutral,can not predict,bearish
375,what happened overnight equities rebuilt midweek losses despite strong nfp spx nasdaq markets found solace somewhat cautious fedspeak big usd fall dxy index ust 10y bps oil european nat gas,bearish,bearish,bearish,bullish
376,dcb bank reports earnings â–¶ï¸net profit â‚¹1124 â‚¹65 yoy â–¶ï¸nii â‚¹4111 â‚¹3233 yoy,bearish,bullish,can not predict,bearish
377,dcb bank reports earnings â–¶ï¸gross npa â‚¹12492 qoq â–¶ï¸net npa â‚¹4829 â‚¹5436 qoq â–¶ï¸gross npa qoq â–¶ï¸net npa qoq,bearish,neutral,can not predict,bearish
378,dcb bank reports earnings â–¶ï¸net profit â‚¹1124 â‚¹65 yoy â–¶ï¸nii â‚¹4111 â‚¹3233 yoy,bearish,bullish,can not predict,bearish
379,triveni engineering reports earnings â–¶ï¸net profit â‚¹13878 â‚¹925 yoy â–¶ï¸revenue â‚¹14716 â‚¹115102 yoy â–¶ï¸ebitda down â‚¹454 â‚¹1073 yoy â–¶ï¸ebitda margin yoy,bearish,bullish,can not predict,bullish
380,jbm auto reports earnings â–¶ï¸net profit â‚¹362 â‚¹253 yoy â–¶ï¸revenue â‚¹10292 â‚¹7527 yoy â–¶ï¸ebitda â‚¹1015 â‚¹782 yoy â–¶ï¸ebitda margin yoy,bearish,bullish,can not predict,bullish
381,jyothy labs income tax department has conducted survey its officesmanufacturing plant the company says the survey has not impacted the business operations the company,bullish,neutral,can not predict,bearish
382,alkyl amines reports earnings â–¶ï¸net profit down â‚¹524 â‚¹541 yoy â–¶ï¸revenue â‚¹409 â‚¹349 yoy â–¶ï¸ebitda â‚¹814 â‚¹755 yoy â–¶ï¸ebitda margin yoy,bearish,bullish,can not predict,bearish
383,automotive axles reports earnings â–¶ï¸ net profit â‚¹301 â‚¹101 yoy â–¶ï¸ revenue â‚¹415 â‚¹309 yoy â–¶ï¸ ebitda â‚¹504 â‚¹221 yoy â–¶ï¸ margin yoy,bearish,bullish,can not predict,bearish
384,media reports earnings â–¶ï¸net loss â‚¹1559 profit â‚¹232 yoy â–¶ï¸revenue â‚¹4092 â‚¹3698 yoy â–¶ï¸ebitda loss â‚¹507 â‚¹125 yoy,bearish,bearish,bearish,bearish
385,sundaram clayton reports earnings â–¶ï¸net profit â‚¹2123 â‚¹1483 yoy â–¶ï¸revenue â‚¹89625 â‚¹68009 yoy â–¶ï¸ebitda â‚¹11515 â‚¹810 yoy â–¶ï¸margin yoy,bearish,bullish,can not predict,bullish
386,with better coal availability prices have fallen â‚¹38unit from â‚¹8unit expect volume growth next months fy23 volume growth will can purchase power with just hour notice real time market says goel iex,bullish,bullish,bullish,bullish
387,india cements reports earnings â–¶ï¸standalone net loss â‚¹1376 profit â‚¹22 yoy â–¶ï¸standalone revenue â‚¹12546 â‚¹11902 yoy â–¶ï¸standalone ebitda loss â‚¹913 â‚¹1336 yoy,bearish,bearish,bearish,bullish
388,bajaj allianz general insurance october gross direct premium underwritten â‚¹1230,bullish,bearish,can not predict,bearish
389,realty capitaland india trust develop msf office spaces bengaluru chennai mumbai,bullish,bullish,bullish,bullish
390,nucleus soft reports earnings â–¶ï¸profit â‚¹11 â‚¹108 qoq â–¶ï¸revenue â‚¹130 â‚¹129 qoq â–¶ï¸ebitda down â‚¹114 â‚¹147 qoq â–¶ï¸ebitda margin qoq,bearish,neutral,can not predict,bearish
391,ramco systems reports earnings â–¶ï¸loss â‚¹60 loss â‚¹129 yoy â–¶ï¸revenue down â‚¹1185 â‚¹1407 yoy â–¶ï¸ebitda loss â‚¹406 ebitda â‚¹52 yoy,bearish,bearish,bearish,bearish
392,sundaram fin reports earnings â–¶ï¸profit â‚¹306 â‚¹259 yoy â–¶ï¸revenue â‚¹1337 â‚¹1299 yoy,bearish,neutral,can not predict,bullish
393,ujjivan small finance bank reports earnings â–¶ï¸net profit â‚¹2943 loss yoy â–¶ï¸nii â‚¹6632 â‚¹3914 yoy,bearish,bullish,can not predict,bearish
394,moldtek packaging reports earnings â–¶ï¸ net profit â‚¹194 â‚¹176 yoy â–¶ï¸ revenue â‚¹1826 â‚¹1595 yoy â–¶ï¸ ebitda â‚¹341 â‚¹319 yoy â–¶ï¸ margin yoy,bearish,bullish,can not predict,bearish
395,greenply industries reports earnings â–¶ï¸ net profit down â‚¹236 â‚¹319 yoy â–¶ï¸ revenue â‚¹4947 â‚¹4324 yoy â–¶ï¸ ebitda down â‚¹488 â‚¹497 yoy â–¶ï¸ margin yoy,bearish,bullish,can not predict,bearish
396,bharat electronics ltd bel says has signed mou with motorola solutions india for cooperation the field broadband pushtotalk servic,bullish,bullish,bullish,bullish
397,ceat yoy 2qwithcnbctv18 ðÿ›ž net profit loss ðÿ›ž revenue ðÿ›ž ebitda down ðÿ›ž margin,bearish,bullish,can not predict,bullish
398,affle india reports earnings â–¶ï¸net profit â‚¹59 â‚¹48 yoy â–¶ï¸revenue â‚¹3545 â‚¹2747 yoy â–¶ï¸ebitda â‚¹707 â‚¹52 yoy â–¶ï¸ebitda margin yoy,bearish,bullish,can not predict,bullish
399,insecticides india reports earnings â–¶ï¸ profit â‚¹448 â‚¹419 yoy â–¶ï¸ revenue â‚¹5822 â‚¹4439 yoy â–¶ï¸ ebidta â‚¹684 â‚¹641 yoy â–¶ï¸ margin yoy,bearish,neutral,can not predict,bullish
400,renewable energy ministry notified national bioenergy programme will continue from fy202122 recommended for implementation phases phasei approved with budget outlay subschemes include waste energy programme biomass programme,bullish,bullish,bullish,bullish
401,bikaji foods ipo update the ipo was subscribed times the final day for bidding â–¶ï¸ company wants raise crore received demand for crore,bullish,bearish,can not predict,bearish
402,kec intl 2qwithcnbctv18 net profit down yoy revenue yoy ebitda down yoy ebitda margin yoy,bearish,bullish,can not predict,bearish
403,kec intl says ytd order intake rs10465 â€“ growth highest ever orderbook over,bullish,bullish,bullish,bearish
404,the pli scheme yet pick across many sector barring pharma mobile phone manufacturing says the chief economic adviser cites government data which shows specialty steel automobile drone white goods have not received any investment far,bullish,neutral,can not predict,bearish
405,october general insurance data new india assurance oct premium yoy fy23 yeartomonth premium yoy star health oct premium yoy fy23 yeartomonth premium yoy,bullish,bullish,bullish,bearish
406,dgft allows the export broken rice november for consignments already handed over customs the order also covers broken rice consignments registered customs system,bullish,bearish,can not predict,bearish
407,bpcl 2qwithcnbctv18 â›½ï¸ net loss â‚¹3042 loss â‚¹6263 qoq â›½ï¸ revenue down â‚¹115 â‚¹121 qoq â›½ï¸ ebitda â‚¹1433 ebitda loss â‚¹5865 qoq â›½ï¸ margin,bearish,bearish,bearish,bearish
408,bpcl says its gross refining margins grm for the period fy23 was 2230bbl 523bbl the corresponding comparative period,bullish,bearish,can not predict,bearish
409,sequent scientific yoy 2qwithcnbctv18 loss profit revenue down â‚¹3376 â‚¹3506 acquires stake tineta pharma via preferential allotment route for â‚¹218,bearish,bullish,can not predict,bearish
410,the department justice announced monday that seized about billion stolen bitcoinâ€¯â€¯â€¯ during previously unannounced raid the residence james zhong,bullish,bullish,bullish,bearish
411,the white house monday said support for ukraine will unwavering even republicans win the midtermelections2022 kevin mccarthy the likely house speaker republicans take control has said there will blank check ukraine with his party charge,bullish,bullish,bullish,bearish
412,what happened overnight spx nasdaq ust 10y yield bps oil spr oil reserves shrank for the 60th straight week lowest since dollar index around midterm elections today cpi thursday,bearish,bearish,bearish,bullish
413,mrf 2qwithcnbctv18 net profit down yoy revenue yoy board also approves enhancement the issue nonconvertible debentures through private placement from rs100 rs150,bearish,bullish,can not predict,bearish
414,jubilant foodworks cons 2qwithcnbctv18 ðÿ• profit yoy ðÿ•revenue yoy ðÿ•ebitda yoy ðÿ•ebitda margin yoy,bearish,bullish,can not predict,bearish
415,coal ministry with rise coal stock with power plants records increase domestic coal production captive coalblocks saw growth with production new coal mines put auction recently will further enhance production and supply,bullish,bullish,bullish,bullish
416,arvind cons yoy 2qwithcnbctv18 ðÿ‘š net profit ðÿ‘š revenue ðÿ‘š ebitda down ðÿ‘š ebitda margin,bearish,bullish,can not predict,bearish
417,piramal ent issue ncds with the option retain oversubscription,bullish,neutral,can not predict,bearish
418,weak october for pvt life insurance lic18 sbi life defy weakness hdfc life ipru life grow low singledigit max life sees contraction only lic sbi life see growth ape hdfc life ðÿ”»17 ipru life ðÿ”»26 max life see drop ape,bullish,bearish,can not predict,bearish
419,dalmia bharat sugar 2qwithcnbctv18 ðÿ§‚ net profit down yoy ðÿ§‚ revenue down yoy ðÿ§‚ ebitda down yoy ðÿ§‚ ebitda margin yoy,bearish,bullish,can not predict,bearish
420,buying russian oil indias advantage jaishankar,bullish,bullish,bullish,bullish
421,the phoenix mills 2qwithcnbctv18 ðÿ›ï¸ net profit yoy ðÿ›ï¸ revenue yoy,bearish,bullish,can not predict,bearish
422,the world will impacted with huge challenge recession and slowdown the time india takes over g20 presidency world facing challenges global debt breakdown supply chains geopolitical instability,bullish,bearish,can not predict,bearish
423,honeywell automation pat yoy revenue from operations yoy,bearish,neutral,can not predict,bearish
424,bosch pat flat yoy revenue from operations,bearish,neutral,can not predict,bullish
425,dhanlaxmi bank says proposed egm november cancelled requisitionists holding more than the equity shares the bank have agreed withdraw the special notice,bullish,bullish,bullish,bearish
426,meghmani organics starts operations multiproduct plant dahej gujarat,bullish,neutral,can not predict,bearish
427,bharat forge subsidiary kalyani strategic systems gets export order for artillery gun platform worth,bearish,bearish,bearish,bearish
428,amazon india tvs motor sign mou scale deployment fleet electric twowheelers and threewheelers from tvs motor will deployed for amazonâ€™s lastmile deliveries,bullish,bullish,bullish,bullish
429,orient cement reports earnings â–¶ï¸net loss â‚¹95 profit â‚¹568 yoy â–¶ï¸revenue â‚¹6153 â‚¹6131 yoy â–¶ï¸ebitda down â‚¹1893 â‚¹2316 yoy â–¶ï¸margin yoy,bearish,bullish,can not predict,bearish
430,jaypee infra reports earnings â–¶ï¸net loss â‚¹6354 loss â‚¹614 yoy â–¶ï¸revenue â‚¹2704 â‚¹2468 yoy â–¶ï¸ebitda down â‚¹216 â‚¹22 yoy â–¶ï¸margin yoy,bearish,bearish,bearish,bearish
431,apl apollo reports earnings â–¶ï¸net profit â‚¹1502 â‚¹1461 yoy â–¶ï¸revenue â‚¹39692 â‚¹3084 yoy â–¶ï¸ebitda down â‚¹232 â‚¹222 yoy â–¶ï¸margin yoy,bearish,bullish,can not predict,bearish
432,sheela foam amends earlier proposed merger sleepwell ent international comfort with will only merge international comfort with wonâ€™t merge sleepwell ent,bullish,bullish,bullish,bearish
433,hikal reports earnings â–¶ï¸net profit down â‚¹248 â‚¹44 yoy â–¶ï¸revenue â‚¹5587 â‚¹469 yoy â–¶ï¸ebitda down â‚¹70 â‚¹908 yoy â–¶ï¸margin yoy,bearish,bullish,can not predict,bearish
434,finolex cables reports earnings â–¶ï¸net profit down â‚¹553 â‚¹1447 yoy â–¶ï¸revenue â‚¹10908 â‚¹933 yoy â–¶ï¸ebitda down â‚¹986 â‚¹1195 yoy â–¶ï¸margin yoy,bearish,bullish,can not predict,bearish
435,bajaj consumer reports earnings â–¶ï¸net profit down â‚¹316 â‚¹465 yoy â–¶ï¸revenue â‚¹2324 â‚¹2162 yoy â–¶ï¸ebitda down â‚¹305 â‚¹479 yoy â–¶ï¸margin yoy,bearish,neutral,can not predict,bearish
436,godrej properties reports drop booking value area sold while debt rises ðÿ”´area sold down yoy down qoq msf ðÿ”´booking value down yoy down qoq â‚¹2409 ðÿ”´net debt â‚¹1365 september â‚¹956 june,bullish,bearish,can not predict,bearish
437,godrej properties reports earnings â–¶ï¸ net profit â‚¹55 â‚¹356 yoy â–¶ï¸ revenue â‚¹165 â‚¹1293 yoy â–¶ï¸ ebitda loss â‚¹6754 loss â‚¹562 yoy,bearish,bearish,bearish,bearish
438,snowman logistics reports earnings â–¶ï¸net profit â‚¹52 â‚¹2 yoy â–¶ï¸revenue â‚¹1086 â‚¹70 yoy â–¶ï¸ebitda â‚¹23 â‚¹18 yoy â–¶ï¸margin yoy,bearish,bullish,can not predict,bearish
439,dhanlaxmi bank reports earnings â–¶ï¸net profit â‚¹16 â‚¹ yoy â–¶ï¸nii â‚¹1165 â‚¹907 yoy â–¶ï¸gross npa qoq â–¶ï¸net npa qoq,bearish,bullish,can not predict,bearish
440,pricol yoy 2qwithcnbctv18 profit revenue ebidta margin,bullish,bullish,bullish,bearish
441,piramal enterprises 2qwithcnbctv18 loss profit yoy revenue yoy,bearish,bullish,can not predict,bearish
442,tata power renewable energy receives the letter award loa from the maharashtra state electricity distribution corporation limited msedcl set 150mw solar project solapur maharashtra,bullish,bullish,bullish,bullish
443,commerce ministry decision will facilitate ease international trade transactions indian rupees policy amendments undertaken give rise interest internationalisation inr,bullish,bullish,bullish,bearish
444,reliance industries subsidiary build smart city near gurugram,bullish,bullish,bullish,bullish
445,petronet lng reports earnings â–¶ï¸ profit down â‚¹7443 â‚¹823 yoy â–¶ï¸ revenue â‚¹159857 â‚¹108131 yoy â–¶ï¸ ebidta down â‚¹11729 â‚¹12968 yoy â–¶ï¸ margin yoy,bearish,bullish,can not predict,bullish
446,narayana hrudayalaya 2qwithcnbctv18 ðÿ’‰ net profit yoy ðÿ’‰revenue yoy,bearish,bullish,can not predict,bullish
447,per bse sarath chandra reddy executive director aurobindo pharma,bullish,neutral,can not predict,bearish
448,sorces delhi excise case ðÿ”´p sarath chandra reddy wholetime director aurobindo pharma arrested money laundering charges ðÿ”´pernod ricards benoy babu arrested money laundering charges,bullish,bearish,can not predict,bearish
449,tvs srichakra reports earnings â–¶ï¸ net profit â‚¹382 â‚¹253 yoy â–¶ï¸ revenue â‚¹8335 â‚¹6913 yoy â–¶ï¸ ebitda â‚¹827 â‚¹633 yoy â–¶ï¸ margin yoy,bearish,bullish,can not predict,bullish
450,will see some margin improvement could see margin back band from target doubledigit volume growth for the entire year says bharat puri pidilite,bullish,bullish,bullish,bearish
451,bel signs mou with goa shipyard for autonomous navigation,bullish,neutral,can not predict,bearish
452,zydus wellness reports earnings â–¶ï¸net profit down â‚¹85 â‚¹215 yoy â–¶ï¸revenue â‚¹4295 â‚¹3836 yoy â–¶ï¸ebitda down â‚¹163 â‚¹305 yoy â–¶ï¸ebitda margin yoy,bearish,bullish,can not predict,bearish
453,bls international services reports earnings â–¶ï¸net profit â‚¹504 â‚¹274 yoy â–¶ï¸revenue â‚¹3568 â‚¹1904 yoy â–¶ï¸ebitda â‚¹567 â‚¹275 yoy â–¶ï¸margin yoy,bearish,bullish,can not predict,bullish
454,aurobindo pharma says has learnt about arrest sarath chandra reddy wholetime dir promoter grp the process ascertaining further details,bullish,bearish,can not predict,bearish
455,prism johnson reports earnings â–¶ï¸net loss â‚¹826 profit â‚¹29 yoy â–¶ï¸revenue â‚¹1663 â‚¹1505 yoy â–¶ï¸ebitda down â‚¹324 â‚¹1505 yoy â–¶ï¸margin yoy,bearish,bullish,can not predict,bearish
456,ptc industries bharat dynamics sign mou for mutual cooperation business development,bullish,bullish,bullish,bullish
457,indoco remedies reports earnings â–¶ï¸net profit â‚¹497 â‚¹417 yoy â–¶ï¸revenue â‚¹433 â‚¹3868 yoy â–¶ï¸ebitda â‚¹877 â‚¹863 yoy â–¶ï¸margin yoy,bearish,bullish,can not predict,bearish
458,lincoln pharma reports earnings â–¶ï¸net profit â‚¹237 â‚¹23 yoy â–¶ï¸revenue â‚¹1406 â‚¹1275 yoy â–¶ï¸ebitda down â‚¹289 â‚¹293 yoy â–¶ï¸margin yoy,bearish,bullish,can not predict,bullish
459,foods board approves the preferential issuance crore shares 14223share worth â‚¹390 crore salic international investment â–¶ï¸ alert cnbctv18 newsbreak confirmed foods approves shares issuance investor,bullish,bullish,bullish,bearish
460,nilkamal reports earnings â–¶ï¸ net profit down â‚¹24 â‚¹283 yoy â–¶ï¸ revenue â‚¹8077 â‚¹7394 yoy â–¶ï¸ ebitda down â‚¹66 â‚¹67 yoy â–¶ï¸ margin yoy,bearish,bullish,can not predict,bearish
461,natco pharma reports earnings â–¶ï¸ net profit down â‚¹68 â‚¹651 yoy â–¶ï¸ revenue â‚¹4321 â‚¹3772 yoy â–¶ï¸ ebitda â‚¹953 â‚¹705 yoy â–¶ï¸ margin yoy,bearish,neutral,can not predict,bearish
462,morepen labs reports earnings â–¶ï¸ net profit down â‚¹158 â‚¹374 yoy â–¶ï¸ revenue â‚¹403 â‚¹3953 yoy â–¶ï¸ ebitda down â‚¹29 â‚¹51 yoy â–¶ï¸ margin yoy,bearish,neutral,can not predict,bearish
463,neuland labs reports earnings â­•ï¸net profit yoy â­•ï¸revenue yoy â­•ï¸ebitda yoy â­•ï¸margin yoy,bearish,bullish,can not predict,bullish
464,deepak fertilisers reports earnings â–¶ï¸ net profit â‚¹272 â‚¹91 yoy â–¶ï¸ revenue â‚¹27193 â‚¹1793 yoy â–¶ï¸ ebitda â‚¹495 â‚¹212 yoy â–¶ï¸ margin yoy,bearish,neutral,can not predict,bearish
465,century ply reports earnings â­•ï¸net profit down yoy â­•ï¸revenue yoy â­•ï¸ebitda down yoy â­•ï¸margin yoy,bearish,bullish,can not predict,bearish
466,power finance corporation pfc reports earnings â–¶ï¸ net profit â‚¹2999 â‚¹2759 yoy â–¶ï¸ nii â‚¹3849 â‚¹3530 yoy,bearish,bullish,can not predict,bearish
467,basf reports earnings â­•ï¸net profit down yoy â­•ï¸revenue yoy â­•ï¸ebitda down yoy â­•ï¸margin yoy,bearish,bullish,can not predict,bearish
468,aurobindo pharma focus sarath chandra reddy who was arrested today way involved with operations company,bullish,bearish,can not predict,bearish
469,oil india â–¶ï¸net profit down â‚¹18962 â‚¹28052 qoq â–¶ï¸revenue down â‚¹82587 â‚¹106814 qoq â–¶ï¸ebitda down â‚¹27032 qoq â–¶ï¸margin qoq,bearish,bullish,can not predict,bullish
470,page ind â–¶ï¸net profit â‚¹1621 â‚¹1605 yoy â–¶ï¸revenue â‚¹1255 â‚¹1084 yoy â–¶ï¸ebitda â‚¹2379 â‚¹2334 yoy â–¶ï¸margin yoy,bullish,bullish,bullish,bearish
