,Unnamed: 0,sno,DATE,HEADLINE,TICKER,COMPANY NAME,SECTOR,SUBSECTOR,SERIES,DATE OF LISTING,PAID UP VALUE,MARKET LOT,ISIN NUMBER,FACE VALUE,negative_score,positive_score,neutral_score,compound_score,High,Low,Open,close,volume,adj close,avg High,avg low,avg open,avg close,avg volume,avg adj close,trend
0,0,13,2022-10-31,"GHCL reports Q2 earnings.
              
‚≠ïÔ∏èNet profit at Rs 300.5 cr Vs Rs 93.2 cr (YoY)
  
‚≠ïÔ∏èRevenue up 72% at Rs 1,381 cr Vs Rs 803 cr (YoY)   
 
‚≠ïÔ∏èEBITDA at Rs 433.8 cr Vs Rs 169 cr (YoY)     

‚≠ïÔ∏èMargin at 31.4% Vs 21% (YoY)",GHCL,GHCL Limited,Chemicals,Chemicals,EQ,31-Jul-03,10,1,INE539A01019,10,0.0,0.065,0.935,0.4404,652.25,664.0,629.0999755859375,646.5499877929688,646.5499877929688,889946,796.0400024414063,802.8299926757812,778.5999877929687,786.489990234375,786.489990234375,392675.2,bearish
1,1,30,2022-10-31,"HFCL gets approval for application under production linked incentive (#PLI) scheme, to avail incentives up to Rs 652.79 cr",HFCL,HFCL Limited,Telecommunications - Equipment,Telecommunications - Equipment,EQ,09-Mar-11,1,1,INE548A01028,1,0.0,0.331,0.669,0.7845,77.9000015258789,83.4000015258789,81.75,82.69999694824219,82.69999694824219,42534639,94.30000152587891,96.78999938964844,93.21999969482422,94.78999938964844,94.78999938964844,17877690.6,bullish
2,2,49,2022-11-01,"UPL gross debt as of September 30 at ‚Çπ32,550 cr vs ‚Çπ30,123 cr as of June 30",UPL,UPL Limited,Chemicals,Chemicals,EQ,23-Jan-04,2,1,INE628A01036,2,0.272,0.0,0.728,-0.6808,737.7999877929688,739.4500122070312,713.7999877929688,717.0,717.0,5060223,856.9300048828125,864.2000122070312,843.1,854.0200073242188,854.0200073242188,3122374.4,bullish
3,3,72,2022-11-01,"VSSL reports Q2 earnings.

‚≠ïÔ∏èNet profit up 15.3% at Rs 28 cr Vs Rs 24.3 cr (YoY)

‚≠ïÔ∏èRevenue up 32% at Rs 443.2 cr Vs Rs 335.7 cr (YoY)",VSSL,Vardhman Special Steels Limited,,,EQ,17-May-12,10,1,INE050M01012,10,0.0,0.094,0.906,0.4404,262.04998779296875,264.95001220703125,252.6999969482422,259.0,259.0,18757,316.0899963378906,322.610009765625,309.289990234375,315.3799987792969,315.3799987792969,68867.8,bearish
4,4,155,2022-11-04,"HIL reports #Q2 results. 

‚ñ∂Ô∏èNet loss at ‚Çπ6.8 cr vs profit of ‚Çπ26.1 cr (YoY)

‚ñ∂Ô∏èRevenue down 0.3% at ‚Çπ763.9 cr vs ‚Çπ765.9 cr (YoY)

‚ñ∂Ô∏èEBITDA down 80.8% at ‚Çπ12.1 cr vs ‚Çπ62.9 cr (YoY)

‚ñ∂Ô∏èEBITDA margin at 1.58% vs 8.21% (YoY)",HIL,HIL Limited,Cement - Products & Building Materials,Cement - Products & Building Materials,EQ,26-Apr-95,10,1,INE557A01011,10,0.051,0.064,0.885,0.1531,2905.0,2920.949951171875,2640.35009765625,2787.949951171875,2787.949951171875,38924,3466.750048828125,3517.27998046875,3408.360009765625,3433.799951171875,3433.799951171875,17225.6,bearish
5,5,181,2022-11-04,"IDFC First Bank gets board approval to raise Rs 4,000 cr",IDFC,IDFC Limited,Finance - Term Lending Institutions,Finance - Term Lending Institutions,EQ,12-Aug-05,10,1,INE043D01016,10,0.0,0.237,0.763,0.4767,78.1500015258789,79.19999694824219,79.05000305175781,78.8499984741211,78.8499984741211,6237576,92.26000213623047,93.65,91.21000061035156,92.5499984741211,92.5499984741211,6069780.6,bullish
6,6,224,2022-11-07,"KEC Intl Q2 | #2QWithCNBCTV18 

Net profit down 31.2% at Rs 55.2 cr Vs Rs 80.3 cr (YoY)

Revenue up 13.3% at Rs 4064 cr Vs Rs 3587.5 cr (YoY)

EBITDA down 29.7% at Rs 178 cr Vs Rs 253.1 cr (YoY)

EBITDA margin at 4.4% Vs 7.1% (YoY",KEC,KEC International Limited,Power - Transmission & Equipment,Power - Transmission & Equipment,EQ,10-Mar-06,2,1,INE389H01022,2,0.0,0.058,0.942,0.4404,431.75,438.0,415.6000061035156,435.8500061035156,435.8500061035156,119690,521.3,527.6099975585937,516.2799987792969,522.0900024414062,522.0900024414062,205573.6,bearish
7,7,225,2022-11-07,"KEC Intl says: YTD #Order intake of Rs10,465 cr ‚Äì growth of 25%

Highest ever #OrderBook + L1 of over Rs 34,000 cr",KEC,KEC International Limited,Power - Transmission & Equipment,Power - Transmission & Equipment,EQ,10-Mar-06,2,1,INE389H01022,2,0.0,0.115,0.885,0.3818,431.75,438.0,415.6000061035156,435.8500061035156,435.8500061035156,119690,521.3,527.6099975585937,516.2799987792969,522.0900024414062,522.0900024414062,205573.6,bearish
8,8,227,2022-11-07,"OCTOBER GENERAL INSURANCE DATA 
 
NEW INDIA ASSURANCE 
Oct Premium Up 3% (YoY)
FY23 Year-to-Month Premium Up 3% (YoY)
 
STAR HEALTH
Oct Premium Up 11.5% (YoY)
FY23 Year-to-Month Premium Up 11.5% (YoY)",STAR,Strides Pharma Science Limited,Pharmaceuticals,Pharmaceuticals,EQ,02-Feb-00,10,1,INE939A01011,10,0.0,0.095,0.905,0.4824,330.1000061035156,332.8999938964844,314.0,327.6000061035156,327.6000061035156,339811,378.35,387.55,376.7899963378906,382.9800048828125,382.9800048828125,555028.8,bearish
9,9,233,2022-11-07,"BPCL Q2 | #2QWithCNBCTV18 

‚õΩÔ∏è Net loss at ‚Çπ304.2 cr Vs loss of ‚Çπ6,263 cr (QoQ)

‚õΩÔ∏è Revenue down 5% at ‚Çπ1.15 lk cr Vs ‚Çπ1.21 lk cr (QoQ)

‚õΩÔ∏è EBITDA at ‚Çπ1,433 cr Vs EBITDA loss of ‚Çπ5,865 cr (QoQ)

‚õΩÔ∏è Margin at 1.2%",BPCL,Bharat Petroleum Corporation Limited,Refineries,Refineries,EQ,13-Sep-95,10,1,INE029A01011,10,0.144,0.0,0.856,-0.7096,302.5,310.1499938964844,305.95001220703125,309.75,309.75,3866221,365.25,368.2199951171875,362.2799987792969,365.8800048828125,365.8800048828125,3980342.0,bearish
10,10,234,2022-11-07,BPCL says its gross refining margins (#GRM) for the period H1 FY23 was $22.30/bbl Vs $5.23/bbl in the corresponding comparative period,BPCL,Bharat Petroleum Corporation Limited,Refineries,Refineries,EQ,13-Sep-95,10,1,INE029A01011,10,0.134,0.0,0.866,-0.4767,302.5,310.1499938964844,305.95001220703125,309.75,309.75,3866221,365.25,368.2199951171875,362.2799987792969,365.8800048828125,365.8800048828125,3980342.0,bearish
11,11,247,2022-11-08,"MRF Q2 | #2QWithCNBCTV18 

Net profit down 24.1% at Rs 145.4 cr Vs `191.6 cr (YoY)

Revenue up 18.7% at Rs 5826.3 cr Vs Rs 4907.8 cr (YoY)

Board also approves enhancement in the issue of Non-Convertible Debentures through Private Placement from Rs.100 cr to Rs.150 cr",MRF,MRF Limited,Tyres,Tyres,EQ,18-Sep-96,10,1,INE883A01011,10,0.0,0.113,0.887,0.6808,91698.0,96000.0,85901.6484375,94900.1015625,94896.8515625,28285,108926.059375,110769.790625,108439.1703125,109804.8796875,109801.121875,17226.6,bearish
12,12,254,2022-11-08,"Weak #October For Pvt Life Insurance; LIC(+18%), SBI Life (+16%) Defy Weakness 

HDFC Life, I-Pru Life Grow In Low Single-Digit, Max Life Sees Contraction

Only #LIC & #SBI Life See Growth In APE

#HDFC Life (üîª17%), I-Pru Life (üîª26%) & Max Life See Drop In APE",HDFC,Housing Development Finance Corporation Limited,Finance,Finance,EQ,23-Oct-96,2,1,INE001A01036,2,0.192,0.05,0.757,-0.743,2500.0,2510.0,2495.449951171875,2507.39990234375,2507.39990234375,2656747,2970.95,3010.439990234375,2959.57998046875,2993.48994140625,2993.48994140625,3129505.4,bearish
13,13,309,2022-11-10,BEL signs #MoU with Goa Shipyard for autonomous #navigation,BEL,Bharat Electronics Limited,Computers - Hardware,Computers - Hardware,EQ,19-Jul-00,1,1,INE263A01024,1,0.0,0.0,1.0,0.0,108.05000305175781,108.5,106.69999694824219,106.69999694824219,106.69999694824219,12937603,130.71000061035156,132.7699996948242,128.61000061035156,130.0799987792969,130.0799987792969,24343238.6,bullish
14,14,311,2022-11-10,"BLS International Services reports #Q2 earnings. 

‚ñ∂Ô∏èNet profit up 83.3% at ‚Çπ50.4 cr vs ‚Çπ27.4 cr (YoY)
    
‚ñ∂Ô∏èRevenue up 87.4% at ‚Çπ356.8 cr vs ‚Çπ190.4 cr (YoY) 
   
‚ñ∂Ô∏èEBITDA at ‚Çπ56.7 cr vs ‚Çπ27.5 cr (YoY)
     
‚ñ∂Ô∏èMargin at 15.9% vs 14.4% (YoY)",BLS,BLS International Services Limited,Miscellaneous,Miscellaneous,EQ,14-Jun-16,1,1,INE153T01027,1,0.0,0.068,0.932,0.4404,181.5,182.5,179.14999389648438,179.1750030517578,179.1750030517578,2506230,209.63500061035157,212.77000122070314,204.5399963378906,207.29000244140624,207.29000244140624,4792937.2,bullish
15,15,314,2022-11-10,PTC Industries & Bharat Dynamics sign #MoU for mutual co-operation & business development,PTC,PTC India Limited,Power,Power,EQ,07-Apr-04,10,1,INE877F01012,10,0.0,0.174,0.826,0.2732,78.9000015258789,78.9000015258789,76.30000305175781,76.69999694824219,71.8141098022461,346526,88.13999938964844,89.21000061035156,86.91000061035156,88.27999877929688,82.65645141601563,468182.2,bearish
16,16,319,2022-11-10,"LT Foods | Board approves the preferential issuance of 2.7 crore shares at 142.23/share worth up to ‚Çπ390 crore to SALIC International Investment

‚ñ∂Ô∏è Alert: CNBC-TV18 Newsbreak confirmed LT Foods approves shares issuance to an investor",LT,Larsen & Toubro Limited,Infrastructure - General,Infrastructure - General,EQ,23-Jun-04,2,1,INE018A01030,2,0.0,0.324,0.676,0.8979,1995.0,2001.8499755859375,1991.949951171875,1977.6500244140625,1977.6500244140625,1261210,2418.7900146484376,2432.92998046875,2391.439990234375,2407.1800048828127,2407.1800048828127,1842431.6,bullish
17,17,326,2022-11-10,"ITC in focus

Govt has no plan to sell SUTTI stake in ITC as of now",ITC,ITC Limited,,,EQ,23-Aug-95,1,1,INE154A01025,1,0.128,0.0,0.872,-0.296,359.0,359.8999938964844,354.6499938964844,356.0,356.0,19327625,424.8,429.69000244140625,422.2600036621094,426.4300048828125,426.4300048828125,17178702.8,bullish
18,18,328,2022-11-10,"No plan to #sell #SUUTI stake in #ITC as of now, #govt sources tell 

‚≠ïÔ∏èAlert: Govt holds 7.87% in ITC 

‚≠ïÔ∏èAlert: SUUTI last sold 2% stake in ITC in Feb 2017",ITC,ITC Limited,,,EQ,23-Aug-95,1,1,INE154A01025,1,0.068,0.0,0.932,-0.296,359.0,359.8999938964844,354.6499938964844,356.0,356.0,19327625,424.8,429.69000244140625,422.2600036621094,426.4300048828125,426.4300048828125,17178702.8,bullish
19,19,333,2022-11-10,"BASF reports Q2 earnings.

‚≠ïÔ∏èNet profit down 17.6% at Rs 113.1 cr Vs Rs 137.3 cr (YoY)

‚≠ïÔ∏èRevenue up 5.2% at Rs 3,582 cr Vs Rs 3,406 cr (YoY)

‚≠ïÔ∏èEBITDA down 18.1% at Rs 187.7 cr Vs Rs 229.2 cr (YoY)

‚≠ïÔ∏èMargin at 5.2% Vs 6.7% (YoY)",BASF,BASF India Limited,Chemicals,Chemicals,EQ,17-May-95,10,1,INE373A01013,10,0.0,0.059,0.941,0.4404,2787.0,2791.449951171875,2635.0,2655.14990234375,2655.14990234375,62857,3395.4,3428.010009765625,3306.930029296875,3331.010009765625,3331.010009765625,37866.8,bullish
20,20,359,2022-11-10,"CONCOR reports #Q2 earnings. 

‚ñ∂Ô∏èNet profit up 14.7% at ‚Çπ302.8 cr vs ‚Çπ264 cr (YoY)

‚ñ∂Ô∏èRevenue up 8% at ‚Çπ1,970.7 cr vs 1,823.9 cr (YoY)

‚ñ∂Ô∏èEBITDA up 16.9% at ‚Çπ498.7 cr vs ‚Çπ426.5 cr (YoY)

‚ñ∂Ô∏èEBITDA margin 25.3% vs 23.4% (YoY)",CONCOR,Container Corporation of India Limited,Transport & Logistics,Transport & Logistics,EQ,07-May-97,5,1,INE111A01025,5,0.0,0.068,0.932,0.4404,812.7999877929688,819.0,765.0,803.2999877929688,800.0136108398438,1476492,955.1199951171875,974.2200073242187,946.0199829101563,956.7800048828125,952.8657348632812,1888323.0,bearish
21,21,371,2022-11-11,"FACT reports Q2 earnings.

‚≠ïÔ∏èNet profit at Rs 144.6 cr Vs Rs 36.4 cr (YoY)

‚≠ïÔ∏èRevenue at Rs 1,935 cr Vs Rs 781.6 cr (YoY)

‚≠ïÔ∏èEBITDA at Rs 236.5 cr Vs Rs 104.5 cr (YoY)

‚≠ïÔ∏èMargin at 12.2% Vs 13.4% (YoY)",FACT,Fertilizers and Chemicals Travancore Limited,Fertilisers,Fertilisers,EQ,12-Apr-95,10,1,INE188A01015,10,0.0,0.068,0.932,0.4404,124.0,136.0500030517578,128.35000610351562,129.10000610351562,129.10000610351562,1453475,150.93999786376952,156.12000122070313,147.29999847412108,151.76000061035157,151.76000061035157,555466.4,bullish
22,22,383,2022-11-11,"KRBL reports Q2 earnings.
 
‚≠ïÔ∏èNet profit up 56.5% at Rs 213.1 cr Vs Rs 136.2 cr (YoY)

‚≠ïÔ∏èRevenue up 25.2% at Rs 1,319.2 cr Vs Rs 1,053.7 cr (YoY)

‚≠ïÔ∏èEBITDA up 43.6% at Rs 284.7 cr Vs Rs 198.2 cr (YoY)

‚≠ïÔ∏èMargin at 21.6% Vs 18.8% (YoY)",KRBL,KRBL Limited,Food Processing,Food Processing,EQ,21-Jan-02,1,1,INE001B01026,1,0.0,0.059,0.941,0.4404,392.79998779296875,405.0,386.0,390.54998779296875,390.54998779296875,2078251,461.77000122070314,471.4999938964844,455.75999145507814,463.6200012207031,463.6200012207031,962404.6,bullish
23,23,411,2022-11-11,"NDTV announces open offer for stake sale to VCPL, #Adani Media Networks and Adani Enterprises",NDTV,New Delhi Television Limited,Entertainment,Entertainment,BE,19-May-04,4,1,INE155G01029,4,0.0,0.0,1.0,0.0,370.0,383.0,354.5,357.8500061035156,357.8500061035156,67094,418.75999755859374,428.4600036621094,405.7799987792969,419.56000366210935,419.56000366210935,92816.6,bullish
24,24,424,2022-11-12,Adani Group to launch open offer for NDTV on 22 November,NDTV,New Delhi Television Limited,Entertainment,Entertainment,BE,19-May-04,4,1,INE155G01029,4,0.0,0.0,1.0,0.0,370.0,383.0,354.5,357.8500061035156,357.8500061035156,67094,418.75999755859374,428.4600036621094,405.7799987792969,419.56000366210935,419.56000366210935,92816.6,bullish
25,25,430,2022-11-12,"RCF Q2

‚ñ∂Ô∏èNet Profit at Rs 261.9 Cr vs Rs 117.9 Cr (YoY)
‚ñ∂Ô∏èRevenue at Rs 5,575.9.6 Cr vs Rs 2,612.4 Cr (YoY)
‚ñ∂Ô∏èEBITDA at Rs 404.9 Cr vs Rs 186.8 Cr (YoY)
‚ñ∂Ô∏èMargin at 7.26% vs 7.15% (YoY)",RCF,Rashtriya Chemicals and Fertilizers Limited,Fertilisers,Fertilisers,EQ,07-Jan-98,10,1,INE027A01015,10,0.0,0.071,0.929,0.4404,103.69999694824219,103.80000305175781,102.0999984741211,101.5,98.44345092773438,1663021,123.10999908447266,124.76999969482422,121.3,122.57000122070312,118.87895050048829,2609619.8,bullish
26,26,433,2022-11-12,Domestic airline industry expected to incur a net loss of Rs 150-170 billion: ICRA,ICRA,ICRA Limited,Miscellaneous,Miscellaneous,EQ,13-Apr-07,10,1,INE725G01011,10,0.161,0.0,0.839,-0.3182,4098.7001953125,4098.7001953125,3900.0,4000.60009765625,4000.60009765625,16488,4931.639990234375,4981.30009765625,4854.060009765625,4897.200048828125,4897.200048828125,9001.2,bullish
27,27,446,2022-11-14,"CONCOR says DIPAM organising divestment roadshow with potential investors today & tomorrow. Roadshow will have representatives from DIPAM, Rail Min & Co",CONCOR,Container Corporation of India Limited,Transport & Logistics,Transport & Logistics,EQ,07-May-97,5,1,INE111A01025,5,0.0,0.0,1.0,0.0,763.0,771.0,759.25,762.9500122070312,759.8287353515625,2984531,953.35,967.6200073242187,933.5599853515625,944.7900024414063,940.9247924804688,2697191.0,bullish
28,28,452,2022-11-14,"ITDC reports #Q2 earnings. 

‚ñ∂Ô∏èNet profit at ‚Çπ10 cr vs ‚Çπ1.5 cr (YoY)
   
‚ñ∂Ô∏èRevenue up 32.5%  at ‚Çπ92.2 cr vs ‚Çπ69.6 cr (YoY) 
 
‚ñ∂Ô∏èEBITDA at ‚Çπ11.4 cr vs ‚Çπ0.6 cr (YoY) 
  
‚ñ∂Ô∏èMargin at 12.3% vs 0.9% (YoY)",ITDC,India Tourism Development Corporation Limited,,,EQ,30-Dec-16,10,1,INE353K01014,10,0.0,0.075,0.925,0.4404,342.0,348.3500061035156,329.0,333.1499938964844,333.1499938964844,175629,417.6700012207031,422.6300048828125,406.7099975585937,409.97999877929686,409.97999877929686,64422.2,bearish
29,29,469,2022-11-14,"Bharat Forge, Sun TV, BHEL, Astral, Zee Ent see negative reaction to earnings

ABB, IndiaMART, M&M Fin, City Union Bank, Max Fin top Midcap losers",M&M,Mahindra & Mahindra Limited,Auto,Auto,EQ,03-Jan-96,5,1,INE101A01026,5,0.23,0.058,0.712,-0.743,1304.0,1309.699951171875,1275.25,1278.1500244140625,1278.1500244140625,3794391,1599.189990234375,1607.97998046875,1567.160009765625,1578.12001953125,1578.12001953125,3831996.8,bullish
30,30,471,2022-11-14,SEBI approves Adani Group's open offer for 26% shares of NDTV,NDTV,New Delhi Television Limited,Entertainment,Entertainment,BE,19-May-04,4,1,INE155G01029,4,0.0,0.353,0.647,0.5994,375.0,375.70001220703125,380.0,364.8500061035156,364.8500061035156,98414,430.55,439.1300048828125,413.4700012207031,428.81000366210935,428.81000366210935,109483.8,bullish
31,31,472,2022-11-14,"NBCC India reports Q2 earnings.

‚≠ïÔ∏èNet profit up 34.1% at Rs 95.5 cr Vs Rs 71.2 cr (YoY)

‚≠ïÔ∏èRevenue up 8% at Rs 2,029.7 cr Vs Rs 1,879.7 cr (YoY)

‚≠ïÔ∏èEBITDA up 74.1% at Rs 88.4 cr Vs Rs 50.8 cr (YoY)

‚≠ïÔ∏èMargin at 4.4% Vs 2.7% (YoY)",NBCC,NBCC (India) Limited,Construction,Construction,EQ,12-Apr-12,1,1,INE095N01031,1,0.0,0.058,0.942,0.4404,34.79999923706055,35.099998474121094,34.75,34.349998474121094,34.349998474121094,3021067,40.939999389648435,41.84000015258789,40.380000305175784,41.04999923706055,41.04999923706055,5580997.0,bullish
32,32,478,2022-11-14,"CESC reports Q2 earnings.

‚≠ïÔ∏èNet profit down 9% at Rs 305 cr Vs Rs 335 cr (YoY)

‚≠ïÔ∏èRevenue up 12% at Rs 3,913 cr Vs Rs 3,494 cr (YoY)

‚≠ïÔ∏èEBIDTA down 46.4% at Rs 490 cr Vs Rs 914 cr (YoY)                                      

‚≠ïÔ∏èMargin at 12.5% Vs 26.2% (YoY)",CESC,CESC Limited,Power - Generation & Distribution,Power - Generation & Distribution,EQ,08-Feb-95,1,1,INE486A01021,1,0.0,0.059,0.941,0.4404,75.5999984741211,76.5,74.30000305175781,76.1500015258789,76.1500015258789,804767,90.97000122070312,91.56999969482422,90.25999908447265,90.69000091552735,90.69000091552735,1559716.2,bearish
33,33,482,2022-11-14,"NBCC India reports Q2 earnings.

‚≠ïÔ∏èNet profit up 34.1% at Rs 95.5 cr Vs Rs 71.2 cr (YoY)

‚≠ïÔ∏èRevenue up 8% at Rs 2,029.7 cr Vs Rs 1,879.7 cr (YoY)

‚≠ïÔ∏èEBITDA up 74.1% at Rs 88.4 cr Vs Rs 50.8 cr (YoY)

‚≠ïÔ∏èMargin at 4.4% Vs 2.7% (YoY)",NBCC,NBCC (India) Limited,Construction,Construction,EQ,12-Apr-12,1,1,INE095N01031,1,0.0,0.058,0.942,0.4404,34.79999923706055,35.099998474121094,34.75,34.349998474121094,34.349998474121094,3021067,40.939999389648435,41.84000015258789,40.380000305175784,41.04999923706055,41.04999923706055,5580997.0,bullish
34,34,483,2022-11-14,NBCC India secures total biz of Rs 332 cr in October Vs Rs 162 cr in September,NBCC,NBCC (India) Limited,Construction,Construction,EQ,12-Apr-12,1,1,INE095N01031,1,0.0,0.126,0.874,0.3182,34.79999923706055,35.099998474121094,34.75,34.349998474121094,34.349998474121094,3021067,40.939999389648435,41.84000015258789,40.380000305175784,41.04999923706055,41.04999923706055,5580997.0,bullish
35,35,485,2022-11-14,"BPL reports Q2 earnings.

‚û°Ô∏èNet profit down 41.4% at Rs 1.7 cr Vs Rs 2.9 cr (YoY)

‚û°Ô∏èRevenue down 50.6% at Rs 11.9 cr Vs Rs 24 cr (YoY)",BPL,BPL Limited,Consumer Goods - Electronic,Consumer Goods - Electronic,EQ,14-Jun-95,10,1,INE110A01019,10,0.0,0.094,0.906,0.4404,69.0,69.0,67.0,67.30000305175781,67.30000305175781,87134,82.93000030517578,83.23000030517578,80.85999908447266,81.55,81.55,70736.6,bullish
36,36,496,2022-11-15,"Our export revenue benefited from the restoration of a new distributor in Saudi. Standing at Rs 2,800 crores worth of inventory currently, Ashish Jain of KRBL to CNBC-TV18",KRBL,KRBL Limited,Food Processing,Food Processing,EQ,21-Jan-02,1,1,INE001B01026,1,0.0,0.068,0.932,0.2263,414.20001220703125,417.8999938964844,386.95001220703125,397.1000061035156,397.1000061035156,1025610,469.9700012207031,483.17999877929685,461.00999145507814,472.1299987792969,472.1299987792969,1312054.4,bearish
37,37,505,2022-11-15,"ONGC Q2 PAT down 30% at ‚Çπ 12,826 cr; firm declares interim dividend of ‚Çπ 6.75/shr",ONGC,Oil & Natural Gas Corporation Limited,Oil Drilling,Oil Drilling,EQ,19-Jul-95,5,1,INE213A01029,5,0.0,0.0,1.0,0.0,140.0,143.35000610351562,141.1999969482422,142.35000610351562,135.57144165039062,24636519,167.24000244140626,168.9000030517578,165.78999938964844,167.82000122070312,159.8285705566406,18760454.2,bullish
38,38,509,2022-11-15,"BEL signs an MoU with Defence PSU Hindustan Shipyard Limited (HSL)

Cos to jointly develop, upgrade products/systems for domestic & Export markets",BEL,Bharat Electronics Limited,Computers - Hardware,Computers - Hardware,EQ,19-Jul-00,1,1,INE263A01024,1,0.085,0.063,0.852,-0.128,106.69999694824219,107.4000015258789,107.3499984741211,107.05000305175781,107.05000305175781,11675691,129.93000030517578,130.7,127.7499984741211,129.07000122070312,129.07000122070312,15720645.0,bullish
39,39,517,2022-11-16,"KEC International bags new orders worth ‚Çπ1,294 cr across various businesses",KEC,KEC International Limited,Power - Transmission & Equipment,Power - Transmission & Equipment,EQ,10-Mar-06,2,1,INE389H01022,2,0.0,0.16,0.84,0.2263,428.6000061035156,454.20001220703125,425.0,438.54998779296875,438.54998779296875,1692355,503.3299987792969,515.4300048828125,494.6199951171875,502.9999938964844,502.9999938964844,947073.6,bearish
40,40,521,2022-11-16,UPL says promoter has acquired additional 0.19% stake from Nov 11-14,UPL,UPL Limited,Chemicals,Chemicals,EQ,23-Jan-04,2,1,INE628A01036,2,0.0,0.0,1.0,0.0,770.4500122070312,771.2999877929688,761.0999755859375,767.5,767.5,1407784,917.4,924.85,909.9599975585937,917.8799926757813,917.8799926757813,3649145.8,bullish
41,41,535,2022-11-16,"PTC Fin says board has approved FY23 earnings, co is awaiting independent auditor report & is expected shortly",PTC,PTC India Limited,Power,Power,EQ,07-Apr-04,10,1,INE877F01012,10,0.0,0.149,0.851,0.4215,73.0999984741211,74.0,76.8499984741211,73.19999694824219,68.53706359863281,281018,90.12999877929687,91.5,89.01999969482422,90.14999847412109,84.40732879638672,457947.4,bullish
42,42,549,2022-11-17,HDFC Bank ADR down 4.61% in after-hours trade,HDFC,Housing Development Finance Corporation Limited,Finance,Finance,EQ,23-Oct-96,2,1,INE001A01036,2,0.0,0.0,1.0,0.0,2679.0,2705.0,2643.050048828125,2659.25,2659.25,2590306,3133.139990234375,3197.139990234375,3113.880029296875,3169.860009765625,3169.860009765625,4815024.4,bullish
43,43,557,2022-11-17,"NMDC (@nmdclimited) cuts Lump Ore & Fines prices by ‚Çπ300/tonne each. Lump ore price is now at ‚Çπ3,800 & fines at ‚Çπ2,610/tonne",NMDC,NMDC Limited,Mining & Minerals,Mining & Minerals,EQ,03-Mar-08,1,1,INE584A01023,1,0.104,0.0,0.896,-0.296,106.94999694824219,107.0,106.5,105.6500015258789,105.6500015258789,8867549,133.18999786376952,134.64000091552734,131.21000213623046,132.40999908447264,132.40999908447264,8978314.4,bullish
44,44,565,2022-11-17,BEL signs MoU with AWEI to address needs of domestic and export markets,BEL,Bharat Electronics Limited,Computers - Hardware,Computers - Hardware,EQ,19-Jul-00,1,1,INE263A01024,1,0.0,0.0,1.0,0.0,108.19999694824219,111.3499984741211,106.4000015258789,110.5999984741211,110.5999984741211,26985734,129.43999938964845,130.63000030517577,127.54999694824218,129.31000061035155,129.31000061035155,20118885.8,bearish
45,45,575,2022-11-18,SPARC gets US FDA nod for SEZABY for the treatment of Neonatal Seizures,SPARC,Sun Pharma Advanced Research Company Limited,Misc,Misc,EQ,18-Jul-07,1,1,INE232I01014,1,0.0,0.0,1.0,0.0,240.8000030517578,249.85000610351562,241.5,243.10000610351562,243.10000610351562,531650,294.5899993896484,298.7899993896484,289.95,293.3400024414062,293.3400024414062,302331.0,bullish
46,46,579,2022-11-18,BEL signs MoU with IITM Pravartak Technologies Foundation for Distributed Acoustic Sensing,BEL,Bharat Electronics Limited,Computers - Hardware,Computers - Hardware,EQ,19-Jul-00,1,1,INE263A01024,1,0.0,0.0,1.0,0.0,110.8499984741211,111.4000015258789,104.5,107.3499984741211,107.3499984741211,23962357,129.9999984741211,131.21000061035156,127.88999786376954,129.44000091552735,129.44000091552735,22323836.6,bearish
47,47,589,2022-11-18,"HDFC Bank (@HDFC_Bank) signs #MoU with Government of Karnataka

‚ñ∂Ô∏èTo provide #banking and #financial services to #startups registered with Karnataka Startup Cell",HDFC,Housing Development Finance Corporation Limited,Finance,Finance,EQ,23-Oct-96,2,1,INE001A01036,2,0.0,0.0,1.0,0.0,2664.0,2671.64990234375,2613.800048828125,2667.050048828125,2667.050048828125,2336913,3169.9,3229.789990234375,3148.930029296875,3202.45,3202.45,4801703.0,bearish
48,48,613,2022-11-21,"PVR Large Trade | 0.70 lakh shares (0.1% equity) worth ‚Çπ12.28 cr change hands at an average of ‚Çπ1,744/sh

#LargeTrade #BlockDeal",PVR,PVR Limited,Media & Entertainment,Media & Entertainment,EQ,04-Jan-06,10,1,INE191H01014,10,0.0,0.186,0.814,0.4767,1743.25,1771.550048828125,1730.0,1749.449951171875,1749.449951171875,898656,2152.65,2176.1900146484377,2111.8800048828125,2129.0599853515623,2129.0599853515623,547295.6,bullish
49,49,616,2022-11-21,"Allied Digital bags contract of ‚Çπ207.2 cr in JV with KEC from Punjab Municipal Corp, smart city project in Punjab for 3 cities",KEC,KEC International Limited,Power - Transmission & Equipment,Power - Transmission & Equipment,EQ,10-Mar-06,2,1,INE389H01022,2,0.0,0.114,0.886,0.4019,422.8999938964844,422.8999938964844,413.5,412.5,412.5,179711,508.2,518.3900024414063,498.5899963378906,508.30999755859375,508.30999755859375,787665.6,bullish
50,50,624,2022-11-21,Adani Group's ‚Çπ493-crore open offer for NDTV to start tomorrow,NDTV,New Delhi Television Limited,Entertainment,Entertainment,BE,19-May-04,4,1,INE155G01029,4,0.0,0.0,1.0,0.0,381.1000061035156,400.0,362.04998779296875,381.1000061035156,381.1000061035156,140266,480.30999755859375,484.22999877929686,468.22999877929686,470.9,470.9,207283.2,bearish
51,51,648,2022-11-22,DCW to double its CPVC capacity by adding another 10KT capacity,DCW,DCW Limited,Petrochemicals,Petrochemicals,EQ,25-May-95,2,1,INE500A01029,2,0.0,0.0,1.0,0.0,51.5,51.900001525878906,52.400001525878906,51.5,51.5,888114,61.369999694824216,62.78000030517578,60.41999969482422,61.32000045776367,61.32000045776367,3287038.6,bullish
52,52,657,2022-11-23,"ACC promoter #Ambuja Cements releases entire pledge of its 50% equity on November 19, total holding now pledged at 2.16% vs 52.21% earlier",ACC,ACC Limited,Cement - Major,Cement - Major,EQ,20-Nov-96,10,1,INE012A01025,10,0.0,0.0,1.0,0.0,2469.89990234375,2480.0,2447.699951171875,2458.89990234375,2458.89990234375,278487,2952.849951171875,2980.22998046875,2920.080029296875,2950.189990234375,2950.189990234375,485052.6,bullish
53,53,660,2022-11-23,TCS extends partnership with Standard Chartered Singapore Marathon,TCS,Tata Consultancy Services Limited,Computers,Computers,EQ,25-Aug-04,1,1,INE467B01029,1,0.0,0.176,0.824,0.128,3330.0,3330.0,3308.300048828125,3308.300048828125,3242.615478515625,1150011,3992.27998046875,4014.6599609375,3955.889990234375,3990.910009765625,3911.67255859375,1586941.0,bullish
54,54,671,2022-11-23,"Quiklyz, vehicle leasing & subscription biz signs MoUs to lease over 1,000 electric 3-wheelers, M&M Fin says",M&M,Mahindra & Mahindra Limited,Auto,Auto,EQ,03-Jan-96,5,1,INE101A01026,5,0.0,0.0,1.0,0.0,1234.5999755859375,1240.3499755859375,1238.6500244140625,1235.699951171875,1235.699951171875,2396267,1498.489990234375,1509.32998046875,1477.8699951171875,1491.119970703125,1491.119970703125,3662016.4,bullish
55,55,694,2022-11-24,"ICICI Bank to acquire 10% in a JV of IOC & Chennai Petro for ‚Çπ50,000. ICICI Prudential to acquire 9% in a JV of IOC & Chennai Petro for ‚Çπ45,000

CNBC-TV18 Alert: IOC & Chennai Petro form JV for 9 mmtpa refinery at Nagapattinam, TN",IOC,Indian Oil Corporation Limited,Refineries,Refineries,EQ,24-Jul-96,10,1,INE242A01010,10,0.0,0.055,0.945,0.296,70.1500015258789,72.69999694824219,71.6500015258789,72.05000305175781,72.05000305175781,29444796,83.68000030517578,84.55999908447265,83.23999938964843,84.07000122070312,84.07000122070312,15433538.0,bullish
56,56,700,2022-11-24,"PVR opens 12 screen superlex in Thiruvananthapuram, Kerala",PVR,PVR Limited,Media & Entertainment,Media & Entertainment,EQ,04-Jan-06,10,1,INE191H01014,10,0.0,0.0,1.0,0.0,1797.6500244140625,1825.0,1828.300048828125,1821.699951171875,1821.699951171875,667714,2119.3,2145.5300048828126,2086.6,2118.9499755859374,2118.9499755859374,814881.0,bullish
57,57,702,2022-11-24,PNB (@pnbindia) gets #government approval to #divest UTI AMC stake,PNB,Punjab National Bank,Banks - PSU,Banks - PSU,EQ,24-Apr-02,2,1,INE160A01022,2,0.0,0.256,0.744,0.4767,50.54999923706055,51.20000076293945,51.25,50.849998474121094,50.849998474121094,104180912,56.24999923706055,57.95000076293945,55.72999954223633,57.429998779296874,57.429998779296874,179308304.4,bullish
58,58,709,2022-11-25,"Engineers India bags order from Mangalore Refinery & Petrochemicals for preparation of BDEP, DFR & pre-project activities for bio-ATF plant at MRPL",MRPL,Mangalore Refinery and Petrochemicals Limited,Refineries,Refineries,EQ,07-Jan-05,10,1,INE103A01014,10,0.0,0.0,1.0,0.0,56.400001525878906,57.70000076293945,57.04999923706055,57.04999923706055,57.04999923706055,4081164,64.61000061035156,65.9900001525879,63.90999984741211,64.9599998474121,64.9599998474121,4058461.2,bullish
59,59,714,2022-11-25,"Yet to hear from @RBI on arms‚Äô treatment post HDFC -HDFC Bank merger. Sought RBI leeway on reserve requirement post-merger

#HDFC Bank to have enough liquidity even sans leeway

Deepak Parekh @HomeLoansByHDFC EGM",HDFC,Housing Development Finance Corporation Limited,Finance,Finance,EQ,23-Oct-96,2,1,INE001A01036,2,0.0,0.0,1.0,0.0,2697.89990234375,2697.89990234375,2635.89990234375,2681.35009765625,2681.35009765625,1810808,3184.57998046875,3202.069921875,3159.01005859375,3183.830029296875,3183.830029296875,2615611.2,bearish
60,60,716,2022-11-25,"#ITDC at upper circuit on the Ashok Hotel value

Alert: Indian Hotels holds nearly 8% stake in ITDC",ITDC,India Tourism Development Corporation Limited,,,EQ,30-Dec-16,10,1,INE353K01014,10,0.0,0.223,0.777,0.5574,365.0,404.54998779296875,378.8500061035156,404.54998779296875,404.54998779296875,1814983,408.95,422.97999877929686,399.6,414.43999633789065,414.43999633789065,430377.4,bearish
61,61,725,2022-11-25,IRDAI approves merger of Exide Life With HDFC Life,HDFC,Housing Development Finance Corporation Limited,Finance,Finance,EQ,23-Oct-96,2,1,INE001A01036,2,0.0,0.252,0.748,0.4019,2697.89990234375,2697.89990234375,2635.89990234375,2681.35009765625,2681.35009765625,1810808,3184.57998046875,3202.069921875,3159.01005859375,3183.830029296875,3183.830029296875,2615611.2,bearish
62,62,741,2022-11-28,ITC enters into a management contract for hotel owned by Jolle Hospitality,ITC,ITC Limited,,,EQ,23-Aug-95,1,1,INE154A01025,1,0.0,0.0,1.0,0.0,340.0,341.75,340.0,340.04998779296875,340.04998779296875,9902739,407.7799987792969,409.8299987792969,404.3399963378906,407.6699951171875,407.6699951171875,9687960.4,bullish
63,63,762,2022-11-28,#SEBI approves Sundararaman Ramamurthy as MD & CEO of BSE,BSE,BSE Limited,,,EQ,03-Feb-17,2,1,INE118H01025,2,0.0,0.252,0.748,0.4019,571.9500122070312,583.5999755859375,574.2000122070312,570.7999877929688,570.7999877929688,529764,678.4500122070312,687.6799926757812,672.7999877929688,677.65,677.65,533184.6,bullish
64,64,763,2022-11-28,Adani closes in on NDTV takeover as founder entity transfers shares,NDTV,New Delhi Television Limited,Entertainment,Entertainment,BE,19-May-04,4,1,INE155G01029,4,0.0,0.18,0.82,0.296,404.0,404.8500061035156,412.0,404.8500061035156,404.8500061035156,114306,451.7,466.69000244140625,442.22999877929686,453.99000244140626,453.99000244140626,198073.8,bullish
65,65,767,2022-11-29,TCS & ICICI Bank launch iLens a digital lending solution,TCS,Tata Consultancy Services Limited,Computers,Computers,EQ,25-Aug-04,1,1,INE467B01029,1,0.0,0.247,0.753,0.3182,3383.0,3429.0,3375.0,3397.35009765625,3329.8974609375,1576028,4011.65,4058.25,3990.22001953125,4037.12998046875,3956.974853515625,1791357.4,bearish
66,66,785,2022-11-29,"Received bids from #Adani Group & #DLF. Adani Group‚Äôs bid was for Rs 5,069 crore, DLF was Rs 2,025 crore. Will now go forward with formal process of approval from competent authorities",DLF,DLF Limited,Construction & Contracting - Real Estate,Construction & Contracting - Real Estate,EQ,05-Jul-07,2,1,INE271C01023,2,0.0,0.157,0.843,0.6597,394.6499938964844,397.8500061035156,389.3500061035156,392.54998779296875,392.54998779296875,3448261,473.1,477.31000366210935,468.9100036621094,471.7600036621094,471.7600036621094,3639972.8,bullish
67,67,787,2022-11-29,IDFC says it got SEBI nod for change in control of IDFC Mutual Fund,IDFC,IDFC Limited,Finance - Term Lending Institutions,Finance - Term Lending Institutions,EQ,12-Aug-05,10,1,INE043D01016,10,0.0,0.0,1.0,0.0,82.69999694824219,82.69999694824219,81.19999694824219,80.80000305175781,80.80000305175781,4692668,95.56999969482422,97.80999908447265,94.69999847412109,96.04000091552734,96.04000091552734,8774284.6,bullish
68,68,788,2022-11-29,SEBI gives its approval for a consortium led by Bandhan Financial Holdings to take over IDFC Ltd's mutual fund operations,IDFC,IDFC Limited,Finance - Term Lending Institutions,Finance - Term Lending Institutions,EQ,12-Aug-05,10,1,INE043D01016,10,0.0,0.147,0.853,0.4767,82.69999694824219,82.69999694824219,81.19999694824219,80.80000305175781,80.80000305175781,4692668,95.56999969482422,97.80999908447265,94.69999847412109,96.04000091552734,96.04000091552734,8774284.6,bullish
69,69,795,2022-11-30,NDTV founders Prannoy Roy and Radhika Roy resign from RRPRH board,NDTV,New Delhi Television Limited,Entertainment,Entertainment,BE,19-May-04,4,1,INE155G01029,4,0.194,0.0,0.806,-0.34,446.29998779296875,446.29998779296875,424.0,446.29998779296875,446.29998779296875,58938,476.97999877929686,480.9599975585937,465.25999755859374,477.5199951171875,477.5199951171875,142533.8,bearish
70,70,796,2022-11-30,PNB Housing board approves for filing draft of #RightsIssue with #SEBI,PNB,Punjab National Bank,Banks - PSU,Banks - PSU,EQ,24-Apr-02,2,1,INE160A01022,2,0.0,0.213,0.787,0.4019,52.5,52.900001525878906,51.29999923706055,51.29999923706055,51.29999923706055,72720109,62.17999954223633,63.82000045776367,61.12000045776367,62.39999923706055,62.39999923706055,207738752.4,bullish
71,71,797,2022-11-30,"TCS (@TCS ) gets into a six-year contract with Rail Delivery Group to design, develop, implement & operate UK‚Äôs RDM",TCS,Tata Consultancy Services Limited,Computers,Computers,EQ,25-Aug-04,1,1,INE467B01029,1,0.0,0.0,1.0,0.0,3383.0,3414.89990234375,3420.0,3390.800048828125,3323.4775390625,3410702,4032.25,4077.439990234375,4014.17001953125,4052.3,3971.843701171875,2243550.0,bullish
72,72,800,2022-11-30,TCS gets Rail Delivery Group‚Äôs project to help create the UK Government‚Äôs #Rail data marketplace,TCS,Tata Consultancy Services Limited,Computers,Computers,EQ,25-Aug-04,1,1,INE467B01029,1,0.0,0.27,0.73,0.5859,3383.0,3414.89990234375,3420.0,3390.800048828125,3323.4775390625,3410702,4032.25,4077.439990234375,4014.17001953125,4052.3,3971.843701171875,2243550.0,bullish
73,73,805,2022-11-30,"MOIL cuts prices of fines, chemicals by 5% from tomorrow",MOIL,MOIL Limited,Mining & Minerals,Mining & Minerals,EQ,15-Dec-10,10,1,INE490G01020,10,0.196,0.0,0.804,-0.296,165.0,165.14999389648438,160.3000030517578,161.0,161.0,218464,191.23999938964843,194.4199981689453,189.71000061035156,191.75999755859374,191.75999755859374,312038.0,bullish
74,74,815,2022-12-01,Coforge & Tokio Marine HCC expand partnership to drive IT transformation,HCC,Hindustan Construction Company Limited,Construction,Construction,EQ,01-Apr-03,1,1,INE549A01026,1,0.0,0.204,0.796,0.3182,17.549999237060547,17.600000381469727,16.850000381469727,17.049999237060547,17.049999237060547,16374540,20.589999771118165,21.170000076293945,20.15,20.529999923706054,20.529999923706054,30984127.6,bullish
75,75,826,2022-12-01,"SJVN Green Energy signs MoU with Grid Corporation of Odisha for developing 1000 MW Hydro Electric Projects & 2000 MW Solar Power Project

These projects will attract an investment of Rs 20,000 cr",SJVN,SJVN Limited,Power - Generation & Distribution,Power - Generation & Distribution,EQ,20-May-10,10,1,INE002L01015,10,0.0,0.133,0.867,0.5574,40.150001525878906,40.54999923706055,39.099998474121094,39.25,39.25,6241462,46.75,48.52000045776367,45.94000015258789,47.15999984741211,47.15999984741211,17509020.6,bullish
76,76,831,2022-12-02,"PVR opens 3-screen #multiplex in Yamuna Nagar, Haryana 

‚ñ∂Ô∏è Also opens Director‚Äôs Luxury Cut #Cinema Auditoriums in Bengaluru",PVR,PVR Limited,Media & Entertainment,Media & Entertainment,EQ,04-Jan-06,10,1,INE191H01014,10,0.11,0.0,0.89,-0.2732,1907.300048828125,1914.75,1889.550048828125,1899.0,1899.0,406070,2237.6699951171877,2265.110009765625,2218.3300048828123,2247.5000244140624,2247.5000244140624,767685.6,bullish
77,77,832,2022-12-02,MOIL surges nearly 4% in trade after company's November manganese ore production rise by 60% & sales by 82% on a MoM basis,MOIL,MOIL Limited,Mining & Minerals,Mining & Minerals,EQ,15-Dec-10,10,1,INE490G01020,10,0.0,0.0,1.0,0.0,163.60000610351562,172.39999389648438,164.60000610351562,168.35000610351562,168.35000610351562,2560931,193.68000183105468,198.05999755859375,192.14000244140624,194.8499969482422,194.8499969482422,816571.4,bearish
78,78,835,2022-12-02,"HDFC Bank board approves issuance of #NCDs up to Rs 15,000 crore on a private placement basis",HDFC,Housing Development Finance Corporation Limited,Finance,Finance,EQ,23-Oct-96,2,1,INE001A01036,2,0.0,0.153,0.847,0.4019,2672.0,2684.949951171875,2636.050048828125,2665.300048828125,2665.300048828125,2710648,3213.569970703125,3232.899951171875,3192.700048828125,3212.82001953125,3212.82001953125,3560278.8,bullish
79,79,843,2022-12-03,"PNB Housing Fin: Paid Rs 3 Lakh fine to BSE and NSE for  not having the requisite number of Independent Directors on the Board as on September 30, 2022",BSE,BSE Limited,,,EQ,03-Feb-17,2,1,INE118H01025,2,0.0,0.107,0.893,0.2732,577.75,577.75,568.3499755859375,572.5999755859375,572.5999755859375,432317,691.7400024414062,697.1599853515625,686.4199951171875,690.1299926757813,690.1299926757813,703415.8,bearish
80,80,855,2022-12-05,"M&M Financial at a 52-week high following November business update, stock up nearly 5%",M&M,Mahindra & Mahindra Limited,Auto,Auto,EQ,03-Jan-96,5,1,INE101A01026,5,0.0,0.0,1.0,0.0,1269.449951171875,1269.449951171875,1248.5,1259.800048828125,1259.800048828125,2764806,1529.57998046875,1546.639990234375,1510.560009765625,1526.2499755859376,1526.2499755859376,4073935.4,bullish
81,81,860,2022-12-05,HPL Electric & Power bags #orders for supply of #5G electric products to top #telecom companies,HPL,HPL Electric & Power Limited,,,EQ,04-Oct-16,10,1,INE495S01016,10,0.0,0.114,0.886,0.2023,110.55000305175781,114.0,109.0,109.25,109.25,1434832,125.09000091552734,129.81000061035155,121.7999984741211,125.80000152587891,125.80000152587891,2241560.0,bullish
82,82,874,2022-12-05,"IRB Infra Developers: #November gross #toll collection up 6.1% at Rs 365.9 cr Vs Rs 345 cr (MoM)
 
‚û°Ô∏èNovember gross toll #collection up 39.2% at Rs 365.9 cr Vs Rs 262.8 cr (YoY)",IRB,IRB Infrastructure Developers Limited,Construction & Contracting - Real Estate,Construction & Contracting - Real Estate,EQ,25-Feb-08,10,1,INE821I01014,10,0.167,0.0,0.833,-0.7351,276.0,280.0,280.29998779296875,276.95001220703125,276.95001220703125,1284409,324.5300048828125,335.97999877929686,321.36000061035156,329.2099975585937,329.2099975585937,6335983.8,bullish
83,83,893,2022-12-06,Centre to allow foreign funds to own over 51% in IDBI Bank,IDBI,IDBI Bank Limited,Banks - PSU,Banks - PSU,EQ,20-Sep-95,10,1,INE008A01015,10,0.0,0.147,0.853,0.2263,54.5,59.900001525878906,58.5,58.70000076293945,58.70000076293945,74514483,64.7,66.85,63.849999237060544,65.55000076293945,65.55000076293945,37519505.4,bullish
84,84,897,2022-12-06,abrdn Investment Management to sell entire 10.21% stake in HDFC AMC,HDFC,Housing Development Finance Corporation Limited,Finance,Finance,EQ,23-Oct-96,2,1,INE001A01036,2,0.0,0.0,1.0,0.0,2650.5,2692.550048828125,2650.0,2684.10009765625,2684.10009765625,2586817,3205.9,3233.62998046875,3190.01005859375,3216.7900390625,3216.7900390625,3938464.8,bearish
85,85,908,2022-12-07,"CONCOR disinvestment is an independent activity & #government has recently conducted meetings with potential investors, Railway Ministry to #Parliament",CONCOR,Container Corporation of India Limited,Transport & Logistics,Transport & Logistics,EQ,07-May-97,5,1,INE111A01025,5,0.0,0.0,1.0,0.0,766.0,781.0,770.25,769.7999877929688,769.7999877929688,1329379,926.5699951171875,936.2900024414063,916.2300048828125,926.6999877929687,926.6999877929687,1331254.2,bullish
86,86,909,2022-12-07,CRISIL assigns ‚ÄòCRISIL AAA/Stable‚Äô rating to infrastructure #bonds of @AxisBank,CRISIL,CRISIL Limited,Miscellaneous,Miscellaneous,EQ,28-Jun-95,1,1,INE007A01025,1,0.0,0.0,1.0,0.0,2847.10009765625,2853.75,2826.800048828125,2826.85009765625,2826.85009765625,86680,3495.17001953125,3509.989990234375,3440.9400390625,3458.580029296875,3458.580029296875,78054.2,bullish
87,87,910,2022-12-07,"Arun Kumar Singh appointed Chairman of @ONGC_ for 3 years

Alert: Arun Kumar Singh was the Ex-CMD of BPCL",BPCL,Bharat Petroleum Corporation Limited,Refineries,Refineries,EQ,13-Sep-95,10,1,INE029A01011,10,0.0,0.115,0.885,0.296,330.75,337.0,332.54998779296875,334.3500061035156,334.3500061035156,7164298,406.4199951171875,410.15,401.4499938964844,404.42999877929685,404.42999877929685,4927097.2,bullish
88,88,956,2022-12-10,YESBANK gets @RBI nod for #Carlyle Group & Verventa Holdings investment by in the bank. The bank shall now engage with the investors for the completion of the proposed capital raise,YESBANK,Yes Bank Limited,Banks - Private,Banks - Private,EQ,12-Jul-05,2,1,INE528G01035,2,0.0,0.076,0.924,0.34,17.700000762939453,20.5,19.649999618530273,19.700000762939453,19.700000762939453,248261797,20.99000015258789,21.909999465942384,20.870000076293945,21.450000381469728,21.450000381469728,224223970.4,bullish
89,89,969,2022-12-12,"LTI Mindtree under pressure
üî¥Company expects demand moderation & one-off costs to weigh on H2 performance
üî¥Co expects a weaker margin trajectory in H2

#Source: Emkay Report On LTI Mindtree",LTI,Larsen & Toubro Infotech Limited,,,EQ,21-Jul-16,1,1,INE214T01019,1,0.209,0.0,0.791,-0.6808,4380.0,4390.0,4310.64990234375,4330.9501953125,4330.9501953125,671381,5701.27998046875,5713.8099609375,5533.52998046875,5554.0099609375,5554.0099609375,707195.8,bearish
90,90,974,2022-12-12,"M&M November production up 69% YoY & up 9% MoM at 61,140 units",M&M,Mahindra & Mahindra Limited,Auto,Auto,EQ,03-Jan-96,5,1,INE101A01026,5,0.0,0.0,1.0,0.0,1263.9000244140625,1277.300048828125,1267.0,1264.0,1264.0,1723401,1519.6599853515625,1529.55,1507.2,1518.6400146484375,1518.6400146484375,2224318.2,bullish
91,91,986,2022-12-12,"Oil marketing cos gain on crude slide, BPCL, HPCL up 3-5%

Aviation stocks rise on increased demand & Crude fall, IndiGo up 3%

PNB rises another 3% today on positive brokerage note",PNB,Punjab National Bank,Banks - PSU,Banks - PSU,EQ,24-Apr-02,2,1,INE160A01022,2,0.207,0.212,0.581,0.0516,56.75,58.54999923706055,58.400001525878906,58.099998474121094,58.099998474121094,128901863,67.2400001525879,68.98999938964843,65.82999954223632,67.62000045776367,67.62000045776367,191970496.0,bullish
92,92,989,2022-12-12,"#JustIn | KEC International bags orders worth Rs 1,349 cr across is various businesses",KEC,KEC International Limited,Power - Transmission & Equipment,Power - Transmission & Equipment,EQ,10-Mar-06,2,1,INE389H01022,2,0.0,0.137,0.863,0.2263,470.95001220703125,482.29998779296875,483.0,468.75,468.75,1028597,529.2600036621094,548.9,523.7600036621094,539.0900024414062,539.0900024414062,2071810.0,bullish
93,93,997,2022-12-13,TCS ties up with Gujarat Government to impart digital skills in schools,TCS,Tata Consultancy Services Limited,Computers,Computers,EQ,25-Aug-04,1,1,INE467B01029,1,0.0,0.0,1.0,0.0,3277.199951171875,3336.449951171875,3340.89990234375,3332.10009765625,3265.94287109375,1378016,4007.030029296875,4037.760009765625,3968.3400390625,4005.56005859375,3926.031689453125,1664729.0,bullish
94,94,1006,2022-12-13,"Diagnostic stocks slip on Delhi govt‚Äôs plan of increased free tests at govt clinics

Oil mktg cos fall as crude rises, HPCL down 2%, BPCL falls 1%

Laurus, Escorts Kubota, Can Fin, Godrej Cons, AU SFB, Biocon are top Midcap losers",BPCL,Bharat Petroleum Corporation Limited,Refineries,Refineries,EQ,13-Sep-95,10,1,INE029A01011,10,0.141,0.143,0.716,-0.2263,349.0,349.0,345.70001220703125,346.1499938964844,346.1499938964844,3875485,406.8700012207031,410.85,401.14000244140624,406.45,406.45,6122144.0,bullish
95,95,1018,2022-12-14,"M&M (@MahindraRise) says investment of ‚Çπ10,000 cr for EVs approved under Maharashtra Govt‚Äôs Industrial Promotion Scheme. Co will invest over 7-8 years for setting up EV mfg unit, development, and production of Mahindra‚Äôs upcoming Born Electric Vehicles (BEVs",M&M,Mahindra & Mahindra Limited,Auto,Auto,EQ,03-Jan-96,5,1,INE101A01026,5,0.0,0.07,0.93,0.4215,1287.0,1291.0,1281.75,1286.449951171875,1286.449951171875,1436837,1527.0699951171875,1537.960009765625,1515.6699951171875,1528.02998046875,1528.02998046875,2054429.4,bullish
96,96,1027,2022-12-14,"NBCC secures total #business of ‚Çπ300.41 crore in November, 2022",NBCC,NBCC (India) Limited,Construction,Construction,EQ,12-Apr-12,1,1,INE095N01031,1,0.0,0.204,0.796,0.3182,41.75,43.75,41.0,42.650001525878906,42.650001525878906,17561697,49.39000015258789,50.62999954223633,48.539999389648436,49.32000045776367,49.32000045776367,10686670.2,bearish
97,97,1032,2022-12-14,"Colgate is top Midcap loser as brokerage maintain neutral stance post analyst call

Page Ind, strides, Abbott, HPCL, PNB are top Midcap losers",PNB,Punjab National Bank,Banks - PSU,Banks - PSU,EQ,24-Apr-02,2,1,INE160A01022,2,0.231,0.122,0.646,-0.6369,60.45000076293945,60.650001525878906,58.900001525878906,59.25,59.25,175015067,69.2,70.6,67.47000045776367,69.33000030517579,69.33000030517579,191658491.4,bullish
98,98,1047,2022-12-15,"Fertiliser stocks see a sharp surge, Madras Fert up more than 17%, FACT & Mangalore Chem rise over 8% each",FACT,Fertilizers and Chemicals Travancore Limited,Fertilisers,Fertilisers,EQ,12-Apr-95,10,1,INE188A01015,10,0.0,0.0,1.0,0.0,186.14999389648438,223.89999389648438,226.25,223.8000030517578,223.8000030517578,20725266,210.97999877929686,227.6,204.62000122070313,221.97000122070312,221.97000122070312,10263650.6,bullish
99,99,1095,2022-12-17,PSUs hire ICICI Securities to sell stakes in PTC India,PTC,PTC India Limited,Power,Power,EQ,07-Apr-04,10,1,INE877F01012,10,0.0,0.196,0.804,0.296,86.8499984741211,87.30000305175781,80.5999984741211,84.80000305175781,84.80000305175781,538588,106.38999938964844,108.06000061035157,104.55999908447265,106.44000244140625,101.84905090332032,1172715.6,bearish
100,100,1107,2022-12-19,"KEC International bags new orders worth ‚Çπ1,313 cr",KEC,KEC International Limited,Power - Transmission & Equipment,Power - Transmission & Equipment,EQ,10-Mar-06,2,1,INE389H01022,2,0.0,0.213,0.787,0.2263,482.70001220703125,488.1499938964844,477.0,478.20001220703125,478.20001220703125,340273,579.7400024414062,591.2700012207031,568.6600036621094,575.3200012207031,575.3200012207031,1103643.4,bullish
101,101,1109,2022-12-19,"Market closes higher after slipping in last two sessions

Market regains Friday‚Äôs losses with Sensex & Nifty rising 1% each

Reliance, HDFC, ITC lift Nifty while IT majors (TCS & Infosys) drag",ITC,ITC Limited,,,EQ,23-Aug-95,1,1,INE154A01025,1,0.128,0.15,0.722,0.2023,336.79998779296875,342.3500061035156,336.75,340.5,340.5,7812801,410.10999755859376,412.94000244140625,406.17999877929685,409.7300048828125,409.7300048828125,11536995.6,bearish
102,102,1112,2022-12-19,NBCC India bags construction order worth Rs 69.3 cr from Odisha Power Transmission Corporation (#OPTCL),NBCC,NBCC (India) Limited,Construction,Construction,EQ,12-Apr-12,1,1,INE095N01031,1,0.0,0.119,0.881,0.2263,40.95000076293945,41.650001525878906,41.349998474121094,41.29999923706055,41.29999923706055,5762749,49.400000762939456,50.61000061035156,48.59000015258789,49.49000015258789,49.49000015258789,11346336.8,bullish
103,103,1115,2022-12-19,IRB Infra board meeting on Jan 4 to consider stock split,IRB,IRB Infrastructure Developers Limited,Construction & Contracting - Real Estate,Construction & Contracting - Real Estate,EQ,25-Feb-08,10,1,INE821I01014,10,0.0,0.0,1.0,0.0,308.0,315.8999938964844,313.45001220703125,312.79998779296875,312.79998779296875,4496587,363.1600036621094,379.2399963378906,358.57000122070315,370.6200012207031,370.6200012207031,12010256.6,bullish
104,104,1119,2022-12-20,Capacite Infra bags order worth ‚Çπ117.2 cr from DLF for mall construction in Goa,DLF,DLF Limited,Construction & Contracting - Real Estate,Construction & Contracting - Real Estate,EQ,05-Jul-07,2,1,INE271C01023,2,0.0,0.128,0.872,0.2263,396.0,396.0,377.70001220703125,389.3500061035156,389.3500061035156,4641199,480.1299987792969,484.43999633789065,472.5,477.37000732421876,477.37000732421876,4022804.0,bearish
105,105,1126,2022-12-20,Adani Group's VCPL acquires 8.27% stake in NDTV through open offer,NDTV,New Delhi Television Limited,Entertainment,Entertainment,BE,19-May-04,4,1,INE155G01029,4,0.0,0.0,1.0,0.0,374.0,376.0,341.1499938964844,359.1000061035156,359.1000061035156,923901,442.65,454.40000610351564,430.10999755859376,438.4700012207031,438.4700012207031,1311945.0,bearish
106,106,1146,2022-12-21,GAIL & Mitsui OSK Lines sign contract to build a new LNG carrier and sign agreement for joint ownership of an existing LNG carrier,GAIL,GAIL (India) Limited,Oil Drilling And Exploration,Oil Drilling And Exploration,EQ,02-Apr-97,10,1,INE129A01019,10,0.0,0.132,0.868,0.4939,98.19999694824219,98.5,92.80000305175781,95.0999984741211,95.0999984741211,14279180,115.78999938964844,117.90999908447266,114.31999969482422,116.1,116.1,24991227.4,bearish
107,107,1185,2022-12-23,"#JustiN | BHEL in licensing agreement with Sumitomo Shi FW, Finland for design, engineering, manufacturing, erection, commissioning and sale of Circulating Fluidised Bed Combustion (CFBC)Boilers in India and in overseas territories except select countries",BHEL,Bharat Heavy Electricals Limited,Engineering - Heavy,Engineering - Heavy,EQ,11-Nov-03,2,1,INE257A01026,2,0.0,0.091,0.909,0.4939,78.1500015258789,78.8499984741211,73.0999984741211,73.94999694824219,73.94999694824219,33814978,98.61999969482422,100.18999938964843,94.96000061035156,96.52000122070312,96.52000122070312,39325638.2,bullish
108,108,1189,2022-12-23,"BSE cos erase almost entire mkt cap gained this quarter (Oct-Dec), in last three days. BSE cos‚Äô mkt cap down nearly 6% from all-time high hit last week",BSE,BSE Limited,,,EQ,03-Feb-17,2,1,INE118H01025,2,0.0,0.088,0.912,0.3818,545.0,547.5999755859375,521.5,526.25,526.25,707746,688.4200073242188,694.7800048828125,671.7099975585937,677.8200073242188,677.8200073242188,861976.2,bullish
109,109,1200,2022-12-26,NTPC (@ntpclimited) signs MoU with #Tecnimont to explore Green #Methanol production,NTPC,NTPC Limited,Power - Generation & Distribution,Power - Generation & Distribution,EQ,05-Nov-04,10,1,INE733E01010,10,0.0,0.0,1.0,0.0,162.0,167.75,164.5500030517578,165.64999389648438,165.64999389648438,8321609,201.15,203.5,198.69000244140625,200.80999755859375,200.80999755859375,8832534.4,bearish
110,110,1212,2022-12-27,NBCC bags order worth ‚Çπ69.3 crore from Odisha Power Transmission Corp,NBCC,NBCC (India) Limited,Construction,Construction,EQ,12-Apr-12,1,1,INE095N01031,1,0.0,0.16,0.84,0.2263,37.150001525878906,37.900001525878906,36.849998474121094,37.349998474121094,37.349998474121094,6890023,46.24000091552735,47.25,44.24000015258789,45.14999923706055,45.14999923706055,11651229.8,bullish
111,111,1218,2022-12-28,"DLF issues clarification, says have not received any notice from Noida Authority till now
Alert: There were reports of Noida Authority issuing notice to DLF demanding ‚Çπ235 cr",DLF,DLF Limited,Construction & Contracting - Real Estate,Construction & Contracting - Real Estate,EQ,05-Jul-07,2,1,INE271C01023,2,0.062,0.156,0.782,0.2263,371.0,377.1499938964844,364.8500061035156,372.1499938964844,372.1499938964844,3891662,450.43999633789065,456.3299987792969,440.0199951171875,445.89000244140624,445.89000244140624,4246283.8,bullish
112,112,1249,2022-12-29,"Tata Motors, HCL, Bajaj Finserv, Infosys, Adani Ports are top Nifty losers

Indiabulls HSG, RBL, AB Cap, Apollo Tyres, JSWPL are top Midcap gainers

Laurus, Amara Raja, IRCTC, Havells, LTI Mindtree are top Midcap losers",LTI,Larsen & Toubro Infotech Limited,,,EQ,21-Jul-16,1,1,INE214T01019,1,0.155,0.185,0.661,-0.1779,4307.10009765625,4455.0,4354.14990234375,4420.2001953125,4420.2001953125,1092863,5209.96005859375,5287.47001953125,5151.87001953125,5227.330078125,5227.330078125,532654.2,bearish
113,113,1256,2022-12-30,Inox Green says CRISIL upgrades long-term rating to BBB+ from BBB,CRISIL,CRISIL Limited,Miscellaneous,Miscellaneous,EQ,28-Jun-95,1,1,INE007A01025,1,0.0,0.0,1.0,0.0,3012.5,3099.14990234375,2975.10009765625,3067.300048828125,3067.300048828125,52027,3387.45,3493.639990234375,3354.960009765625,3454.6900390625,3454.6900390625,57684.4,bearish
114,114,1263,2022-12-30,IDBI Bank (@IDBI_Bank) signs agreement to #transfer IDBI MF #business to LIC MF,IDBI,IDBI Bank Limited,Banks - PSU,Banks - PSU,EQ,20-Sep-95,10,1,INE008A01015,10,0.0,0.211,0.789,0.4939,54.099998474121094,55.400001525878906,54.400001525878906,54.349998474121094,54.349998474121094,14266559,62.62999954223633,64.2099998474121,61.279999542236325,62.959999084472656,62.959999084472656,17600218.0,bullish
115,115,1264,2022-12-30,HPL Electric bags #order worth ‚Çπ161 crore,HPL,HPL Electric & Power Limited,,,EQ,04-Oct-16,10,1,INE495S01016,10,0.0,0.241,0.759,0.2263,96.19999694824219,102.5,98.55000305175781,99.9000015258789,99.9000015258789,887950,111.2999984741211,114.62999877929687,108.36999969482422,111.49000091552735,111.49000091552735,592242.8,bullish
116,116,1274,2023-01-02,"CONCOR in focus
CONCOR‚Äôs originating EXIM traffic growth has been lower than Railway EXIM traffic growth: Nomura",CONCOR,Container Corporation of India Limited,Transport & Logistics,Transport & Logistics,EQ,07-May-97,5,1,INE111A01025,5,0.103,0.243,0.654,0.4588,744.4000244140625,746.9500122070312,740.0,740.25,740.25,393433,873.82001953125,885.760009765625,865.0400024414063,878.0599975585938,878.0599975585938,681488.2,bullish
117,117,1281,2023-01-02,"NMDC (@nmdclimited) increases #LumpOre price by Rs 200 to Rs 4,300/tonne, & #Fines price by Rs 500 to Rs 3,410/tonne",NMDC,NMDC Limited,Mining & Minerals,Mining & Minerals,EQ,03-Mar-08,1,1,INE584A01023,1,0.0,0.0,1.0,0.0,124.19999694824219,126.4000015258789,125.0,126.05000305175781,126.05000305175781,10340948,142.38999938964844,145.47000122070312,141.93000183105468,144.76000061035157,144.76000061035157,10689072.6,bearish
118,118,1295,2023-01-02,HFCL receives Purchase Orders aggregating to Rs 95.38 cr from Reliance Projects & Property Management Services for supply of #OpticalFiberCables to one of the leading private telecom operators of the country,HFCL,HFCL Limited,Telecommunications - Equipment,Telecommunications - Equipment,EQ,09-Mar-11,1,1,INE548A01028,1,0.0,0.0,1.0,0.0,73.9000015258789,76.6500015258789,76.19999694824219,75.5999984741211,75.5999984741211,6781121,86.51999969482422,89.24000244140625,85.73999938964843,88.3,88.3,8374097.0,bullish
119,119,1300,2023-01-03,ONGC 'Sagar Samrat' starts Oil and Gas production in Arabian Sea,ONGC,Oil & Natural Gas Corporation Limited,Oil Drilling,Oil Drilling,EQ,19-Jul-95,5,1,INE213A01029,5,0.0,0.0,1.0,0.0,149.6999969482422,150.60000610351562,145.0,149.5500030517578,149.5500030517578,14991139,174.15,177.23999938964843,173.4200012207031,176.0199981689453,176.0199981689453,17864008.6,bearish
120,120,1306,2023-01-03,"Adani Group decides to pay additional price for NDTV shares bought under open offer as transfer price for shares bought from another promoter (Inter-se) was higher than that of open offer price
Alert: NDTV open offer price was ‚Çπ294/sh and promoter transfer price was ‚Çπ342.65/sh",NDTV,New Delhi Television Limited,Entertainment,Entertainment,BE,19-May-04,4,1,INE155G01029,4,0.029,0.135,0.837,0.6369,341.0,354.0,332.0,344.75,344.75,1716251,410.5799987792969,422.02000122070314,400.7,407.8299987792969,407.8299987792969,1693274.4,bearish
121,121,1315,2023-01-03,"Metal stocks see profit booking with Hindalco, JSW & Tata steel falling 1% each

TVS motor‚Äôs below than expected December sales lead to a 3% fall in the stock

M&M Fin slips while federal bank closes off highs after business updates for Q3",M&M,Mahindra & Mahindra Limited,Auto,Auto,EQ,03-Jan-96,5,1,INE101A01026,5,0.037,0.067,0.897,0.3182,1263.0,1265.0,1231.0,1249.300048828125,1249.300048828125,1510751,1500.02998046875,1514.489990234375,1484.3599853515625,1502.0599853515625,1502.0599853515625,1831194.0,bearish
122,122,1316,2023-01-03,NTPC starts India‚Äôs first green hydrogen blending #operation in PNG Network,NTPC,NTPC Limited,Power - Generation & Distribution,Power - Generation & Distribution,EQ,05-Nov-04,10,1,INE733E01010,10,0.0,0.0,1.0,0.0,168.0,169.1999969482422,164.6999969482422,167.60000610351562,167.60000610351562,9629995,199.76000061035157,201.75,198.51000061035157,199.97000122070312,199.97000122070312,12809591.8,bearish
123,123,1324,2023-01-03,"HDFC Q3 Biz Update | @HomeLoansByHDFC assigned loans amounting to ‚Çπ8,892 crore compared to ‚Çπ7,468 crore YoY

Gross income from dividend for the quarter ended December 31, 2022 was ‚Çπ 482 crore Vs ‚Çπ195 crore YoY",HDFC,Housing Development Finance Corporation Limited,Finance,Finance,EQ,23-Oct-96,2,1,INE001A01036,2,0.086,0.0,0.914,-0.4767,2643.25,2672.800048828125,2615.5,2664.699951171875,2664.699951171875,2262464,3189.700048828125,3210.0,3166.410009765625,3194.1,3194.1,2242690.0,bearish
124,124,1332,2023-01-04,"HDFC Bank Q3 advances up 19.5% YoY & up 1.8% QoQ, deposits rise 19.9% YoY & up 3.6% QoQ",HDFC,Housing Development Finance Corporation Limited,Finance,Finance,EQ,23-Oct-96,2,1,INE001A01036,2,0.0,0.0,1.0,0.0,2659.0,2670.0,2606.199951171875,2625.699951171875,2625.699951171875,2125220,3186.9400390625,3209.439990234375,3159.860009765625,3185.419970703125,3185.419970703125,2362872.0,bearish
125,125,1342,2023-01-04,TCS bags order from Taiwan-based CTBC Bank to digitally transform its banking & wealth landscape,TCS,Tata Consultancy Services Limited,Computers,Computers,EQ,25-Aug-04,1,1,INE467B01029,1,0.0,0.198,0.802,0.4939,3306.699951171875,3327.35009765625,3281.949951171875,3314.64990234375,3248.839111328125,1231668,3917.330029296875,3950.16005859375,3893.37998046875,3934.0,3855.892431640625,1259649.2,bearish
126,126,1366,2023-01-05,"No #unpaid interest/principal obligations at the end of October-December quarter, says HCC",HCC,Hindustan Construction Company Limited,Construction,Construction,EQ,01-Apr-03,1,1,INE549A01026,1,0.167,0.0,0.833,-0.296,20.700000762939453,21.350000381469727,20.549999237060547,21.100000381469727,21.100000381469727,39436072,24.510000228881836,25.3,23.960000228881835,24.770000076293947,24.770000076293947,62257274.0,bearish
127,127,1367,2023-01-05,"#MarketAtClose | Crude & rubber price fall lifts tyre stocks, Apollo Tyres jumps 6%

JBM Auto continues the gaining momentum on reports of big EV order wins

RBL Bank surges after reporting a strong set of updates for Oct-Dec qtr",RBL,Rane Brake Lining Limited,Auto Ancillaries,Auto Ancillaries,EQ,20-Jun-08,10,1,INE244J01017,10,0.08,0.211,0.71,0.7269,737.0,737.0,710.9500122070312,718.3499755859375,718.3499755859375,13771,882.8800048828125,892.2800048828125,868.52998046875,875.2799926757813,875.2799926757813,19142.2,bearish
128,128,1372,2023-01-05,IDBI Bank (@IDBI_Bank) to write to #exchanges to classify government holding as #public after #divestment,IDBI,IDBI Bank Limited,Banks - PSU,Banks - PSU,EQ,20-Sep-95,10,1,INE008A01015,10,0.0,0.0,1.0,0.0,54.79999923706055,55.400001525878906,56.099998474121094,54.75,54.75,11120438,65.56999969482422,66.77000122070312,64.75,65.72000045776367,65.72000045776367,13790637.0,bullish
129,129,1393,2023-01-07,"Multiple Expressions of Interest received for the Strategic Disinvestment of Government and LIC Stake in IDBI Bank, says @SecyDIPAM",IDBI,IDBI Bank Limited,Banks - PSU,Banks - PSU,EQ,20-Sep-95,10,1,INE008A01015,10,0.0,0.143,0.857,0.4588,56.900001525878906,59.70000076293945,58.099998474121094,59.0,59.0,100716858,66.35,67.92000122070313,65.5099998474121,66.76000061035157,66.76000061035157,31834689.0,bearish
130,130,1404,2023-01-09,#JustIn | M&M introduces a new range of the #Thar starting at ‚Çπ9.99 lakh,M&M,Mahindra & Mahindra Limited,Auto,Auto,EQ,03-Jan-96,5,1,INE101A01026,5,0.0,0.0,1.0,0.0,1272.949951171875,1313.9000244140625,1305.75,1310.3499755859375,1310.3499755859375,3634805,1506.389990234375,1527.1300048828125,1494.2199951171874,1515.25,1515.25,2633721.0,bullish
131,131,1406,2023-01-09,"PVR (@_PVRCinemas) opens 3 #Multiplexes in #Jaipur, #Bengaluru and #Gurugram",PVR,PVR Limited,Media & Entertainment,Media & Entertainment,EQ,04-Jan-06,10,1,INE191H01014,10,0.0,0.0,1.0,0.0,1642.0,1681.949951171875,1660.0,1664.3499755859375,1664.3499755859375,1165874,2049.75,2066.2099853515624,2004.7699951171876,2022.92001953125,2022.92001953125,684677.4,bullish
132,132,1412,2023-01-09,"IRB Infrastructure Developers | December total #toll collection up 6% at Rs 388 c Vs Rs 365.9 cr (MoM)
 
‚ñ∂Ô∏èDecember total toll collection up 31.9% at Rs 388 cr Vs Rs 294.1 cr (YoY)",IRB,IRB Infrastructure Developers Limited,Construction & Contracting - Real Estate,Construction & Contracting - Real Estate,EQ,25-Feb-08,10,1,INE821I01014,10,0.0,0.0,1.0,0.0,304.5,311.6000061035156,295.3500061035156,304.45001220703125,304.45001220703125,3819761,371.55,381.44000244140625,364.7300048828125,372.6599975585938,372.6599975585938,12119476.8,bearish
133,133,1413,2023-01-09,"TCS (@TCS) reports Q3 earnings.

‚ñ∂Ô∏èRupee #revenue up 1.3% at Rs 58,229 cr Vs CNBC-TV18 poll of Rs 57,475 cr",TCS,Tata Consultancy Services Limited,Computers,Computers,EQ,25-Aug-04,1,1,INE467B01029,1,0.0,0.0,1.0,0.0,3229.0,3327.0,3230.10009765625,3319.949951171875,3254.033935546875,2885060,3935.77998046875,3976.01005859375,3893.9599609375,3946.010009765625,3867.66396484375,2077177.2,bearish
134,134,1414,2023-01-09,"TCS (@TCS) reports Q3 earnings.

‚ñ∂Ô∏è$ #revenue at $ 7,075 m Vs CNBC-TV18 poll of $6,990 m

‚ñ∂Ô∏èConstant Currency revenue growth at 2.2% Vs CNBC-TV18 poll of 1.4-1.5%",TCS,Tata Consultancy Services Limited,Computers,Computers,EQ,25-Aug-04,1,1,INE467B01029,1,0.0,0.098,0.902,0.3818,3229.0,3327.0,3230.10009765625,3319.949951171875,3254.033935546875,2885060,3935.77998046875,3976.01005859375,3893.9599609375,3946.010009765625,3867.66396484375,2077177.2,bearish
135,135,1415,2023-01-09,"TCS announces total #Dividend of Rs 75/sh, special dividend of Rs 67/sh & interim #dividend of Rs 8/sh",TCS,Tata Consultancy Services Limited,Computers,Computers,EQ,25-Aug-04,1,1,INE467B01029,1,0.0,0.144,0.856,0.4019,3229.0,3327.0,3230.10009765625,3319.949951171875,3254.033935546875,2885060,3935.77998046875,3976.01005859375,3893.9599609375,3946.010009765625,3867.66396484375,2077177.2,bearish
136,136,1447,2023-01-11,"CONCOR reports a minor increase in volumes YoY, while it‚Äôs fallen QoQ
üî¥Total Q3 volumes up 5.18%, EXIM volumes up 0.6% YoY
üî¥Total Q3 volumes down 5% & EXIM volumes down 11% QoQ",CONCOR,Container Corporation of India Limited,Transport & Logistics,Transport & Logistics,EQ,07-May-97,5,1,INE111A01025,5,0.074,0.068,0.858,-0.0516,720.0,726.5999755859375,716.6500244140625,721.25,721.25,1437759,885.55,892.6,869.9300048828125,879.65,879.65,1355041.2,bullish
137,137,1448,2023-01-11,"Total #Q3 volumes up 5.18%, #EXIM volumes up 0.6% YoY, says CONCOR (@concor_india)",CONCOR,Container Corporation of India Limited,Transport & Logistics,Transport & Logistics,EQ,07-May-97,5,1,INE111A01025,5,0.0,0.0,1.0,0.0,720.0,726.5999755859375,716.6500244140625,721.25,721.25,1437759,885.55,892.6,869.9300048828125,879.65,879.65,1355041.2,bullish
138,138,1482,2023-01-14,"M&M December 2022 production nearly doubles YoY. December 2022 production at 45,009 units Vs 24,970 units (YoY)",M&M,Mahindra & Mahindra Limited,Auto,Auto,EQ,03-Jan-96,5,1,INE101A01026,5,0.0,0.0,1.0,0.0,1325.0,1337.0,1302.949951171875,1328.1500244140625,1328.1500244140625,2600139,1558.5199951171876,1579.85,1549.5300048828126,1570.160009765625,1570.160009765625,3216043.0,bearish
139,139,1488,2023-01-16,#JustIN | TCS partners with UK-based Scotwest Credit Union to improve customer retention,TCS,Tata Consultancy Services Limited,Computers,Computers,EQ,25-Aug-04,1,1,INE467B01029,1,0.0,0.355,0.645,0.6705,3317.0,3353.0,3321.0,3334.050048828125,3334.050048828125,1843607,3958.6,4011.3,3928.2,3995.6,3929.508544921875,3061412.4,bullish
140,140,1504,2023-01-17,"NTPC Renewable Energy signs #MoU with Tripura Govt for renewable energy #development 

@ntpclimited",NTPC,NTPC Limited,Power - Generation & Distribution,Power - Generation & Distribution,EQ,05-Nov-04,10,1,INE733E01010,10,0.0,0.276,0.724,0.4939,166.60000610351562,168.1999969482422,167.10000610351562,167.6999969482422,167.6999969482422,13015434,201.43999633789062,202.33999633789062,198.8299987792969,200.27999877929688,200.27999877929688,10415352.0,bullish
141,141,1526,2023-01-17,"ITC to acquire Sproutlife Foods Pvt Ltd, engaged in the manufacture and sale of healthy foods brand #YogaBar",ITC,ITC Limited,,,EQ,23-Aug-95,1,1,INE154A01025,1,0.0,0.252,0.748,0.6597,330.20001220703125,333.5,332.3999938964844,332.25,332.25,13712537,399.36000366210936,401.0100036621094,394.9999938964844,397.25,397.25,10910294.0,bullish
142,142,1529,2023-01-18,"HDFC Life seeks #IRDAI nod to enter indemnity health insurance market, may focus on critical illness products post approval, say sources",HDFC,Housing Development Finance Corporation Limited,Finance,Finance,EQ,23-Oct-96,2,1,INE001A01036,2,0.192,0.119,0.69,-0.2263,2640.10009765625,2691.35009765625,2670.39990234375,2687.64990234375,2687.64990234375,3867408,3130.180029296875,3168.230029296875,3106.5900390625,3150.47998046875,3150.47998046875,3349048.4,bullish
143,143,1540,2023-01-18,"CCL Products (India) reports Q3 earnings.

‚ñ∂Ô∏èNet profit up 25% at Rs 73 Cr Vs Rs 58 cr (YoY)

‚ñ∂Ô∏èRevenue up 26.5% at Rs 535.3 Cr Vs Rs 423 cr (YoY)

‚ñ∂Ô∏èEBITDA up 8.9% at Rs 100.7 cr Vs Rs 92.4 cr (YoY)

‚ñ∂Ô∏èMargin at 18.8% Vs 21.8% (YoY)",CCL,CCL Products (India) Limited,Tea-Coffee,Tea-Coffee,EQ,07-Jun-04,2,1,INE421D01022,2,0.0,0.057,0.943,0.4404,522.5,539.0,513.8499755859375,517.5499877929688,517.5499877929688,642211,624.439990234375,632.4299926757812,615.7899963378907,621.8199951171875,621.8199951171875,241444.0,bullish
144,144,1551,2023-01-19,Mining lease deed document executed between Karnataka Govt & KIOCL,KIOCL,KIOCL Limited,Steel - Sponge Iron,Steel - Sponge Iron,EQ,29-Nov-16,10,1,INE880L01014,10,0.0,0.0,1.0,0.0,215.5,220.0,211.60000610351562,213.39999389648438,213.39999389648438,180370,261.73999938964846,265.00999755859374,255.78000183105468,258.92999877929685,258.92999877929685,133983.0,bullish
145,145,1560,2023-01-19,"PVR (@_PVRCinemas) reports Q3 earnings. 

‚ñ∂Ô∏èCons net profit at Rs 16.1 cr Vs loss of Rs 10.2 cr (YoY)      

‚ñ∂Ô∏èCons revenue up 53.2% at Rs 941 cr Vs Rs 614 cr (YoY)      

‚ñ∂Ô∏èEBITDA up 75.1% at Rs 288.8 cr Vs Rs 165 cr (YoY) 

‚ñ∂Ô∏èMargin at 30.7% Vs 26.9% (YoY)",PVR,PVR Limited,Media & Entertainment,Media & Entertainment,EQ,04-Jan-06,10,1,INE191H01014,10,0.043,0.055,0.902,0.1531,1669.8499755859375,1684.75,1591.9000244140625,1677.9000244140625,1677.9000244140625,697321,2049.210009765625,2073.489990234375,2008.6500244140625,2042.2900146484376,2042.2900146484376,1005686.4,bearish
146,146,1578,2023-01-20,"DCM Shriram reports Q3 earnings.
 
‚ñ∂Ô∏èNet profit down 1.2% at Rs 342.1 cr Vs Rs 349.6 cr (YoY)

‚ñ∂Ô∏èRevenue up 21.2% at Rs 3,383.7 cr Vs Rs 2,790.8 cr (YoY)

‚ñ∂Ô∏èEBITDA down 6% at Rs 554.2 cr Vs Rs 588.7 cr (YoY)

‚ñ∂Ô∏èEBITDA margin at 16.4% Vs 21.1% (YoY)",DCM,DCM  Limited,Diversified,Diversified,EQ,29-Mar-95,10,1,INE498A01018,10,0.0,0.057,0.943,0.4404,78.5,80.0,77.4000015258789,79.3499984741211,79.3499984741211,39518,96.01000213623047,97.51000061035157,94.12999877929687,95.75999908447265,95.75999908447265,37591.2,bearish
147,147,1609,2023-01-23,"Market regains losses of last 2 sessions, led by it surge

Infosys & TCS are top Nifty contributors followed by HDFC & HDFC bank",HDFC,Housing Development Finance Corporation Limited,Finance,Finance,EQ,23-Oct-96,2,1,INE001A01036,2,0.107,0.179,0.714,0.2023,2725.0,2750.85009765625,2737.10009765625,2741.89990234375,2741.89990234375,1868514,3196.6400390625,3233.22001953125,3175.919970703125,3214.529931640625,3214.529931640625,2984080.2,bullish
148,148,1614,2023-01-23,"IIFL Securities reports Q3 earnings.

‚ñ∂Ô∏èNet profit down 25.2% at Rs 64.5 cr Vs Rs 86.2 cr (YoY)

‚ñ∂Ô∏èRevenue up 1.8% at Rs 342 cr Vs Rs 336 cr (YoY)",IIFL,IIFL Finance Limited,Finance,Finance,EQ,17-May-05,2,1,INE530B01024,2,0.0,0.154,0.846,0.6249,492.79998779296875,493.75,465.54998779296875,477.45001220703125,477.45001220703125,265341,594.2799926757813,607.2599975585938,579.0999938964844,593.3599975585937,593.3599975585937,1696426.4,bearish
149,149,1616,2023-01-23,"KEI Industries reports Q3 earnings.

‚ñ∂Ô∏èNet profit up 27.1% at Rs 128.6 cr Vs Rs 101.2 cr (YoY)

‚ñ∂Ô∏èRevenue up 14.1% at Rs 1,784.3 cr Vs Rs 1,563.8 cr (YoY)

‚ñ∂Ô∏èEBITDA up 16.2% at Rs 182.1 cr Vs Rs 156.7 cr (YoY)

‚ñ∂Ô∏èMargin at 10.2% Vs 10% (YoY)",KEI,KEI Industries Limited,Cables,Cables,EQ,23-Mar-06,2,1,INE878B01027,2,0.0,0.058,0.942,0.4404,1517.25,1541.0,1503.0,1531.050048828125,1531.050048828125,65678,1775.32998046875,1811.1,1755.8199951171875,1787.3,1787.3,210256.8,bearish
150,150,1618,2023-01-23,"CONCOR Q3 | #3QWithCNBCTV18

Revenue up 3.6% At Rs 1,988.4 Cr Vs Rs 1,920 Cr (YoY)

EBIDTA up 14.1% at Rs 426.4 cr vs Rs 373.8 cr (YoY)

Profit up 3.5% at Rs 296.5 cr vs Rs 287 cr (YoY)

Margin at 21.4% vs 19.5% (YoY)",CONCOR,Container Corporation of India Limited,Transport & Logistics,Transport & Logistics,EQ,07-May-97,5,1,INE111A01025,5,0.0,0.062,0.938,0.4404,705.9500122070312,706.75,677.0,700.9000244140625,700.9000244140625,1352095,847.1400024414063,854.6700073242188,837.3199951171875,845.4900146484375,845.4900146484375,1789817.0,bearish
151,151,1621,2023-01-23,"HFCL Q3 reports #Q3 earnings 

‚≠ïÔ∏è Profit up 22.7% at Rs 96.1 cr vs Rs 78 cr (YoY)

‚≠ïÔ∏è Revenue down 10.6% at Rs 1,085.8 vs Rs 1 215.2 cr (YoY)

‚≠ïÔ∏è EBIDTA up 10% at Rs 187.6 cr vs Rs 170.6 cr (YoY)

‚≠ïÔ∏è Margin at 17.3%  vs 14%(YoY)",HFCL,HFCL Limited,Telecommunications - Equipment,Telecommunications - Equipment,EQ,09-Mar-11,1,1,INE548A01028,1,0.0,0.057,0.943,0.4404,72.1500015258789,72.5,70.5,71.69999694824219,71.69999694824219,2673078,86.82000122070312,87.55,85.79000091552734,86.25999908447265,86.25999908447265,3734887.4,bearish
152,152,1624,2023-01-23,"NTPC completes trial operation of Unit-1 of 660 MW capacity of North Karanpura Super Thermal Power Project, (3 x 660 MW). 

It is now included in the installed capacity of NTPC Limited",NTPC,NTPC Limited,Power - Generation & Distribution,Power - Generation & Distribution,EQ,05-Nov-04,10,1,INE733E01010,10,0.055,0.112,0.833,0.4588,169.39999389648438,169.5,165.39999389648438,166.85000610351562,166.85000610351562,7787735,202.48999633789063,203.2699951171875,199.7,201.46999816894532,201.46999816894532,10403642.6,bearish
153,153,1652,2023-01-24,"PNB Housing Finance reports #Q3 earnings 

‚ñ∂Ô∏è Net #Profit up 42.8% at ‚Çπ269.1 cr vs ‚Çπ188 cr (YoY)    

‚ñ∂Ô∏è #Revenue up 20.1% at ‚Çπ1,796.5 cr vs ‚Çπ1,495.3 cr (YoY)    

#Q3FY23 #Q3Results #earnings",PNB,Punjab National Bank,Banks - PSU,Banks - PSU,EQ,24-Apr-02,2,1,INE160A01022,2,0.0,0.0,1.0,0.0,57.0,57.349998474121094,53.150001525878906,55.5,55.5,51548951,69.09000015258789,69.54999923706055,67.60999984741211,68.19000015258788,68.19000015258788,80971934.4,bearish
154,154,1656,2023-01-24,"PVR surges ahead of Pathaan movie release, stock closes nearly 4% higher

Tata Motors closes with a gain of over 3% ahead of its earnings tomorrow",PVR,PVR Limited,Media & Entertainment,Media & Entertainment,EQ,04-Jan-06,10,1,INE191H01014,10,0.0,0.124,0.876,0.5267,1631.0999755859375,1685.0,1627.0999755859375,1681.949951171875,1681.949951171875,1070273,1995.889990234375,2022.9099853515625,1952.560009765625,1987.1699951171875,1987.1699951171875,1208087.0,bearish
155,155,1687,2023-01-26,SJVN sells its entire stake in Bhutanese JV Kholongchhu Hydro Energy for Rs 354.7 cr,SJVN,SJVN Limited,Power - Generation & Distribution,Power - Generation & Distribution,EQ,20-May-10,10,1,INE002L01015,10,0.0,0.13,0.87,0.2732,34.20000076293945,35.20000076293945,33.25,34.5,34.5,6446459,40.94000091552734,41.39999923706055,40.70999984741211,40.96999969482422,40.96999969482422,3965475.4,bearish
156,156,1688,2023-01-26,"DLF Q3 | #3QWithCNBCTV18

Net Profit up 36.8% at Rs 519.2 cr vs Rs 379.4 cr (YoY)

Revenue down 3.5% at Rs 1,494.8 cr vs Rs 1,549.7cr (YoY)

EBITDA down 8.5% at Rs 477.2 cr vs Rs 521.3 cr (YoY)

Margin at 31.9% vs 33.6% (YoY)",DLF,DLF Limited,Construction & Contracting - Real Estate,Construction & Contracting - Real Estate,EQ,05-Jul-07,2,1,INE271C01023,2,0.0,0.062,0.938,0.4404,364.20001220703125,364.20001220703125,347.25,352.04998779296875,352.04998779296875,7032545,446.1700012207031,447.3300048828125,438.7699951171875,441.5199890136719,441.5199890136719,4033930.2,bullish
157,157,1714,2023-01-27,"Mkt closes at a 3-month low as Adani Group shr fall triggers sharp cut in banks

BSE cos erase market cap of nearly Rs 11 lakh cr in last two sessions

Sensex falls 874 points to 59,331 & Nifty 288 points to 17,604",BSE,BSE Limited,,,EQ,03-Feb-17,2,1,INE118H01025,2,0.094,0.06,0.846,-0.128,537.0,541.8499755859375,510.0,530.1500244140625,530.1500244140625,329118,634.1099975585937,643.4900024414062,628.5799926757812,633.010009765625,633.010009765625,506552.2,bearish
